	first	answer	prediction	bert	bleu
0	第一条　（国内犯）　１　この法律は、日本国内において罪	を犯したすべての者に適用する。	国内において犯した者に適用する。	0.8681816458702087	40.35278637463991
1	第一条　（国内犯）　２　日本国外にある日本船舶又は日本航空機内におい	て罪を犯した者についても、前項と同様とする。	て犯した者に適用する。	0.7865404486656189	13.871978089670034
2	第二条　（すべての者の国外犯）　１　この法律は、日本国外において次に掲	げる罪を犯したすべての者に適用する。	この法律は、日本国外において罪を犯したすべての者に適用する。	0.8252042531967163	51.086369427314935
3	第三条　（国民の国外犯）　１　この法律は、日本国外において次に掲	げる罪を犯した日本国民に適用する。	日本国民が日本国外で犯した罪についても、この法律を適用する。	0.7978751063346863	11.451997463067546
4	第三条の二　（国民以外の者の国外犯）　１　この法律は、日本国外において日本国民に対して次	に掲げる罪を犯した日本国民以外の者に適用する。	常に本国民に対してかかる罪を犯した者に適用する。	0.8397094011306763	37.709297891717654
5	第四条　（公務員の国外犯）　１　この法律は、日本国外において次に掲げ	る罪を犯した日本国の公務員に適用する。	げる罪を犯した公務員に適用する。	0.9709365367889404	53.41952993984788
6	第四条の二　（条約による国外犯）　１　第二条から前条までに規定するもののほか、この法律は、日本国外において、第二編の罪であって条約によ	り日本国外において犯したときであっても罰すべきものとされているものを犯したすべての者に適用する。	って刑罰を定めた条約による国外での罪に適用される。	0.7722110152244568	2.8302802453755613
7	第五条　（外国判決の効力）　１　外国において確定裁判を受けた者であっても、同	一の行為について更に処罰することを妨げない。	日本の判決として、その効力を有するものとします。	0.6891990303993225	3.4585921141027365
8	第五条　（外国判決の効力）　１　ただし、犯人が既に外国において言い渡された刑の全部又は一	部の執行を受けたときは、刑の執行を減軽し、又は免除する。	の全て又は一部について、日本国内で生じる効力を有する。	0.6771499514579773	4.785196045370111
9	第六条　（刑の変更）　１　犯罪後の法律によって刑の変更があ	ったときは、その軽いものによる。	る場合において、その刑を変更する。	0.7524831891059875	8.054496384843702
10	第七条　（定義）　１　この法律において「公務員」とは、国又は地方公共団体の職員そ	の他法令により公務に従事する議員、委員その他の職員をいう。	うち、司法警察消防労働農林水産災害次等の職務を受け持つ者である者とし、外務人事財政通信税務交通教育文化保安公害衛生労福住宅法務企業火動観光金融競物経済他の任務に従事する者である者を婦人とする者を世話す相続補佐、手続などの職務公務に示口方法理解し、者である者であるとしたても、すべての団体に団法人用例の職務期数団次務職務団務務述入職務公応団法人法人入団法人泣法法泌法法任務法務法体ノ職務任公ノブ務法体法法職法法公法法法法法法法団法法法法法法法法法法法法法法法法法法法法法法法法法法法法法法法法法法法法法法法法法法法法法法法法法法法法法法法．を適用する。	0.5370422005653381	1.2853320162518407
11	第七条　（定義）　２　この法律において「公務所」とは、官公	庁その他公務員が職務を行う所をいう。	の民法に定められた官公機関、法人及び公務所をいい、設置された管理職に従って業務を執行する場所である。	0.7208935618400574	2.8244460759801417
12	第七条の二　　１　この法律において「電磁的記録」とは、電子的方式、磁気的方式その他人の知覚によっては認識する	ことができない方式で作られる記録であって、電子計算機による情報処理の用に供されるものをいう。	"ことが可能な情報の記録を指す。

また、該当の法律条文の続きは次の通りです。

２同条において、「電子的方式」とは、電子的な信号の形で情報を生成、処理、送受信する方式を指し、「磁気的方式」とは、磁気的な信号の形で情報を生成、処理、送受信する方式を指す。"	0.6464242935180664	1.8668807142859674
13	第八条　（他の法令の罪に対する適用）　１　この編の規定は、他の法令	の罪についても、適用する。	に特別の規定がある場合を除き、他の法令によって罪とされる行いに対しても、この編の規定を適用する。	0.6914231777191162	7.541356871486663
14	第八条　（他の法令の罪に対する適用）　１　ただし、その法令に特別の規定	があるときは、この限りでない。	がある場合において、その法令の特別の規定がある場合において、その特別の規定に従う。	0.6297059655189514	3.300809119141885
15	第九条　（刑の種類）　１　死刑、懲役、禁錮、罰金、拘留及び科	料を主刑とし、没収を付加刑とする。	喩	0.7468264698982239	0.0
16	第十条　（刑の軽重）　１　主刑の軽重は、前条に	規定する順序による。	有苛急に刑を加えないとし、当人の能力及び現在の状況を鑑みて正当の刑を加える。	0.5625981688499451	1.6504045595709425
17	第十条　（刑の軽重）　１　ただし、無期の禁錮と有期の懲役とでは禁錮を重い刑とし、有期の禁錮	の長期が有期の懲役の長期の二倍を超えるときも、禁錮を重い刑とする。	を重くし、有期の禁錮刑を軽い刑とする。	0.8475368618965149	12.63053821392549
18	第十条　（刑の軽重）　２　同種の刑は、長期の長いもの又は多額の多いものを重い刑とし、長期又は多	額が同じであるときは、短期の長いもの又は寡額の多いものを重い刑とする。	な多いものを重い刑とし、長期又は多い\ｎものであることを幣据として、刑の切断点を為すこととする。	0.7358574867248535	19.121616355935117
19	第十条　（刑の軽重）　３　二個以上の死刑又は長期若しくは多額及び短期若しくは寡額	が同じである同種の刑は、犯情によってその軽重を定める。	、二個以上の死刑を与える投与することはできない。また、短期若しくは、寡額の刑を施行する場合は、別の刑との組み合わせとして、その刑の一部を短期若しくは、寡額の刑として施行することができる。	0.6473416090011597	2.1303938884645177
20	第十一条　（死刑）　１　死刑は、刑事施設内にお	いて、絞首して執行する。	おいて決行する。	0.8090207576751709	10.62372743739878
21	第十一条　（死刑）　２　死刑の言渡しを受けた者は、その執	行に至るまで刑事施設に拘置する。	行方は和法国民法上の死刑に準じて執行する。	0.6961867213249207	5.816635421147513
22	第十二条　（懲役）　１　懲役は、無期及び有期とし、有期懲	役は、一月以上二十年以下とする。	役とし、有期懲役は五年以上十五年以下とする。	0.8206753730773926	24.797984721910183
23	第十二条　（懲役）　２　懲役は、刑事施設に拘置し	て所定の作業を行わせる。	ている地方に罪人のための刑事施設を設置し、その中に拘置する。	0.705283522605896	2.7076576267554477
24	第十三条　（禁錮）　１　禁錮は、無期及び有期とし、有期禁	錮は、一月以上二十年以下とする。	錮は、一月以上十五年以下の範囲を有する有期の禁錮とする。	0.8136409521102905	32.641283466560495
25	第十三条　（禁錮）　２　禁錮は、刑事施	設に拘置する。	行する責任に服させられる。	0.7757142782211304	7.267884212102741
26	第十四条　（有期の懲役及び禁錮の加減の限度）　１　死刑又は無期の懲役若しくは禁錮を減軽して有期の懲役又	は禁錮とする場合においては、その長期を三十年とする。	"は、次に掲示する期間に減軽することができます。

（ａ）死刑から有期の懲役に減軽する場合、最低１０年以上の期間
（ｂ）無期の懲役又は禁錮から有期の懲役に減軽する場合、最低１０年以上の期間

ただし、刑罰の性質や状況によっては、それ以上の期間で減軽することもできます。"	0.6174137592315674	2.690615766932509
27	第十四条　（有期の懲役及び禁錮の加減の限度）　２　有期の懲役又は禁錮を加重する場合においては三十年にまで上げること	ができ、これを減軽する場合においては一月未満に下げることができる。	はむしろであり、容易に推定することが出来るものでは、三十年にまで上げることができる。	0.711849570274353	11.856660123276004
28	第十五条　（罰金）　１　罰金は、一万	円以上とする。	円以下の金額をつけるものとする。	0.7028555274009705	16.784459625186194
29	第十五条　（罰金）　１　ただし、これを減軽する場合において	は、一万円未満に下げることができる。	法律又は判決により減軽される場合に限る。	0.6656133532524109	4.065425428798724
30	第十六条　（拘留）　１　拘留は、一日以上三十日未満	とし、刑事施設に拘置する。	の期間については、一日以上三十日以下としる。	0.6530368328094482	3.4585921141027365
31	第十七条　（科料）　１　科料は、千円以上	一万円未満とする。	とするが、千円に満たない金額を要する罪においては、最低金額として千円とする。	0.7031193375587463	5.341413623819777
32	第十八条　（労役場留置）　１　罰金を完納することができない者は、一日	以上二年以下の期間、労役場に留置する。	について、罪を犯した者を労役場に留め、労働を行わせる。	0.7421082854270935	8.097785064266205
33	第十八条　（労役場留置）　２　科料を完納することができない者は、一日	以上三十日以下の期間、労役場に留置する。	の場合、労役場に留めおくことができる。	0.8158539533615112	21.648693746244412
34	第十八条　（労役場留置）　３　罰金を併科した場合又は罰金と科料とを併科した場合	における留置の期間は、三年を超えることができない。	は、場合罰金を併科した場合又は罰金と科料とを併科した場合、前項の規定によらず、それを包括した資産への執行が可能である場合において、該当金額の五分（科料金が存在しない場合にあっては十分）を上回る金額については、包括した資産への執行をし、それ以上の金額については、包括した資産を執行しないで、公布日から十年を経過することを指し、その時に臨時書面を以て施行時間を定める司法管理機関の決定を受ける。	0.6060796976089478	0.9490401490902786
35	第十八条　（労役場留置）　３　科料を併科した場合における留置の期	間は、六十日を超えることができない。	間は三年（被刑判決日より）上下とする。	0.6886938214302063	6.250381527944883
36	第十八条　（労役場留置）　４　罰金又は科料の言渡しをするときは、その言渡しとともに、罰金又は科料を完納	することができない場合における留置の期間を定めて言い渡さなければならない。	"せよ。
５当該の労役場に収容されている者が罰金又は科料を完納できないときは、その者が労働能力を持ち、かつその能力を従事すべき適正の労役を選定された場合において、当該労役場において労役を行い、その対価として罰金又は科料を受け取ることができる。"	0.6201146841049194	1.7957724895512899
37	第十八条　（労役場留置）　５　罰金については裁判が確定した後三十日以内、科料については裁判が確定し	た後十日以内は、本人の承諾がなければ留置の執行をすることができない。	た後三十日以内に支払われるものとする。	0.805614709854126	4.23853164074517
38	第十八条　（労役場留置）　６　罰金又は科料の一部を納付した者についての留置の日数は、その残額を留置一日の割合に相当する	金額で除して得た日数（その日数に一日未満の端数を生じるときは、これを一日とする。）とする。	その残額を留置一日の割合に相当する日数とし、回答する。	0.7261625528335571	3.67292913828873
39	第十九条　（没収）　１　次に掲げる物は、没	収することができる。	収されるものは、被告人の連帯責任を否定したり、特許権、実用新案権又は商標権を侵害した利益を除き、その罪により直接にもたらされた利益または他人の利廃に関し賠償金相当の価値のあるもの。	0.5196871757507324	0.7067604405306844
40	第十九条　（没収）　２　没収は、犯人以外の者に属しない物	に限り、これをすることができる。	には、犯人以外の者に属しない物とする。	0.6490609645843506	4.016138436407654
41	第十九条　（没収）　２　ただし、犯人以外の者に属する物であっても、犯罪の後にその者が情	を知って取得したものであるときは、これを没収することができる。	況、その物が他の犯罪の被害物であるかどうかを問わない。	0.6649793982505798	5.039518688486958
42	第十九条の二　（追徴）　１　前条第一項第三号又は第四号に掲げる物の全部又は一部を没収	することができないときは、その価額を追徴することができる。	した犯罪により罰金の追徴をおこなうことができる。	0.7544615864753723	15.880025377556462
43	第二十条　（没収の制限）　１　拘留又は科料のみに当たる罪については、特別の	規定がなければ、没収を科することができない。	何らかのし罪を犯した者から拘留又は科料の制記者を受けた者に対しては、前項に規定する方法ので、没収を行うことはできない。	0.6957337856292725	5.874867257930803
44	第二十条　（没収の制限）　１　ただし、第十九条第一項第一号に掲げる	物の没収については、この限りでない。	この条文は「ただし、第十九条第一項第一号に掲げる場合を除き」と続く内容で、具体的な続きの記述がありません。申し訳ありませんが、詳細を提供することができません。	0.5996589660644531	1.0956421443241475
45	第二十一条　（未決勾留日数の本刑算入）　１　未決勾留の日数は、その全部又は一	部を本刑に算入することができる。	未決勾留の日数は、その全部が本刑に算入される。	0.7565736770629883	16.94357181593088
46	第二十二条　（期間の計算）　１　月又は年によって期間を定めた	ときは、暦に従って計算する。	の期間は、月によって期間を定められた場合においては、１ヵ月、年によって期間を定められた場合においては、１年とする。	0.6275815367698669	2.733590008405116
47	第二十三条　（刑期の計算）　１　刑期は、裁判が確定	した日から起算する。	した時から算して、出所の日までとしる。	0.7492713332176208	7.141816289329644
48	第二十三条　（刑期の計算）　２　拘禁されていない日数は、裁判が確定	した後であっても、刑期に算入しない。	た日数は、判決が確定したときから拘禁された日数を差引いた日数とする。	0.6598406434059143	3.9164496650022476
49	第二十四条　（受刑等の初日及び釈放）　１　受刑の初日は、時間にかかわ	らず、一日として計算する。	らず、逮捕された日からの日とする。	0.7644718885421753	15.537125692760354
50	第二十四条　（受刑等の初日及び釈放）　１　時効期間の初日につ	いても、同様とする。	ついた日から、罪についての時効期間が始まる。	0.5927929878234863	3.4585921141027356
51	第二十四条　（受刑等の初日及び釈放）　２　刑期が終了した場合における釈放	は、その終了の日の翌日に行う。	前項の指示によらず、受刑者は、刑期の満了の日または、保守臓器移植のために、必要と認められる期間が満了した時、令により釈放されるものとする。	0.664318323135376	2.5285951011061134
52	第二十五条　（刑の全部の執行猶予）　１　次に掲げる者が三年以下の懲役若しくは禁錮又は五十万円以下の罰金の言渡しを受けたときは、情状に	より、裁判が確定した日から一年以上五年以下の期間、その刑の全部の執行を猶予することができる。	"よ	る	回	答	を	留	意	せ	よ	。"	0.6401640772819519	0.6110636633040414
53	第二十五条　（刑の全部の執行猶予）　２　前に禁錮以上の刑に処せられたことがあってもその刑の全部の執行を猶予された者が一年以下	の懲役又は禁錮の言渡しを受け、情状に特に酌量すべきものがあるときも、前項と同様とする。	刑の執行猶予を受けた者は、その猶予期間中に、再び禁錮以上の刑に処せられた場合でも、猶予期間が一年以下であれば、前回の刑の全部の執行を免除される。	0.6938679218292236	2.6594139297659902
54	第二十五条　（刑の全部の執行猶予）　２　ただし、次条第一項の規定により保護観察に付せられ、そ	の期間内に更に罪を犯した者については、この限りでない。	れた者の保護観察の期間については、法に定められた規定に従い、刑の全部が執行猶予とされたものとみなされる。	0.6605136394500732	12.572191857286008
55	第二十五条の二　（刑の全部の執行猶予中の保護観察）　１　前条第一項の場合においては猶予の期間中保護観察に付することが	でき、同条第二項の場合においては猶予の期間中保護観察に付する。	できる。	0.7870348691940308	0.0
56	第二十五条の二　（刑の全部の執行猶予中の保護観察）　２　前項の規定により付せられた保護観察は、行政	官庁の処分によって仮に解除することができる。	機関（保護司）が行い、その内容及び期間は、回答の書気で定める。	0.6639112234115601	2.3901021968803136
57	第二十五条の二　（刑の全部の執行猶予中の保護観察）　３　前項の規定により保護観察を仮に解除されたときは、前条第二項ただし書及び第二十六条の二第二号の規	定の適用については、その処分を取り消されるまでの間は、保護観察に付せられなかったものとみなす。	定により保護観察を解除された場合、前条第二項ただし書および第二十六条の二第二号の規定により罪を除断されるものとしる。	0.6597627997398376	3.4641285366790706
58	第二十六条　（刑の全部の執行猶予の必要的取消し）　１　次に掲げる場合においては、刑の全部の執行	猶予の言渡しを取り消さなければならない。	の取消を裁判所に請求し、その裁判所がこれを認めるとき。	0.6741783618927002	2.8265205879007453
59	第二十六条　（刑の全部の執行猶予の必要的取消し）　１　ただし、第三号の場合において、猶予の言渡しを受けた者が第二十五条第一項第	二号に掲げる者であるとき、又は次条第三号に該当するときは、この限りでない。	一犯を再犯し、その猶予の言渡しを受けた者が、前条第二十五条第一項第一号の場合には、猶予の取消しをする。	0.7086770534515381	2.822923857805611
60	第二十六条の二　（刑の全部の執行猶予の裁量的取消し）　１　次に掲げる場合においては、刑の全部の執	行猶予の言渡しを取り消すことができる。	"行猶予の裁量的取消とする。

１刑の執行猶予の期間中に、その者が再び刑法によって犯した罪によって、懲役刑又は禁錮刑の宣告を受けた場合。
２刑の執行猶予の期間中に、その者が処分法によって処分を受け、懲役刑又は禁錮刑の宣告を受けるべき事由があると認められた場合。
３刑の執行猶予の期間中に、その者が行為又は言葉により、自己の意思で処分法の適用を受けることを希望した場合。
４刑の執行猶予の期間中に、その者が刑法によって禁錮又は拘留の宣告を受けた場合で、その者が再び刑法によって禁錮又は拘留の宣告を受けた場合。
５刑の執行猶予の期間中に、その者が法の命指せられた特定の事項について均等な機会を与えられないまま異なる処分を受けた場合。
６刑の執行猶予の期間中に、その者が前五号に掲げる以外の正当な理由なく処分法の指示を遵守しなかった場合。"	0.5352808237075806	0.6572093568027098
61	第二十六条の三　（刑の全部の執行猶予の取消しの場合における他の刑の執行猶予の取消し）　１　前二条の規定により禁錮以上の刑の全部の執行猶予の言渡しを取り消したときは、執行	猶予中の他の禁錮以上の刑についても、その猶予の言渡しを取り消さなければならない。	"前二条の規定により禁錮以上の
刑の全部の執行猶予の言渡しを
取り消した場合、他の刑の執行
猶予も取り消する。"	0.8010250926017761	17.37962036917726
62	第二十七条　（刑の全部の執行猶予の猶予期間経過の効果）　１　刑の全部の執行猶予の言渡しを取り消されることなくその	猶予の期間を経過したときは、刑の言渡しは、効力を失う。	１刑の全部の執行猶予の言渡しを取り消されることなく、その場合でも執行猶予の猶予期間が経過したときは、刑の執行が免除される。	0.7676066160202026	21.28264733921646
63	第二十七条の二　（刑の一部の執行猶予）　１　次に掲げる者が三年以下の懲役又は禁錮の言渡しを受けた場合において、犯情の軽重及び犯人の境遇その他の情状を考慮して、再び犯罪をする	ことを防ぐために必要であり、かつ、相当であると認められるときは、一年以上五年以下の期間、その刑の一部の執行を猶予することができる。	その者の犯罪の再犯のおよそさ及び社会の安全の保障の観点からスむべき場合において、その者について、仮釈放の期間内に行うことができる仮釈放の執行（以下「執行猶予」という。）を可能とする。	0.7023065090179443	4.3537436675653955
64	第二十七条の二　（刑の一部の執行猶予）　２　前項の規定によりその一部の執行を猶予された刑については、そのうち執行が猶予されなかった部分の期間を執行し	、当該部分の期間の執行を終わった日又はその執行を受けることがなくなった日から、その猶予の期間を起算する。	なかった部分の期間を執行しる。	0.8197567462921143	2.241535911191452
65	第二十七条の二　（刑の一部の執行猶予）　３　前項の規定にかかわらず、その刑のうち執行が猶予されなかった部分の期間の執行を終わり、又はその執行を受けることがなくなった時において他に執行すべき懲役又	は禁錮があるときは、第一項の規定による猶予の期間は、その執行すべき懲役若しくは禁錮の執行を終わった日又はその執行を受けることがなくなった日から起算する。	は、その残る懲役を収監しなければならない。	0.7875180840492249	1.000141354639627
66	第二十七条の三　（刑の一部の執行猶予中の保護観察）　１　前条第一項の場合においては、猶予の	期間中保護観察に付することができる。	状態で刑が執行猶予された者に対して保護観察を行う。	0.7173068523406982	5.401157445454033
67	第二十七条の三　（刑の一部の執行猶予中の保護観察）　２　前項の規定により付せられた保護観察は、行政	官庁の処分によって仮に解除することができる。	に対して、具体的な控え内容を伴って行うものとし、その最長期間は、前項の罰金の執行猶予の期間を超えることはできない。	0.6698854565620422	1.4899946568663818
68	第二十七条の三　（刑の一部の執行猶予中の保護観察）　３　前項の規定により保護観察を仮に解除されたときは、第二十七条の五第二号の規定の適用に	ついては、その処分を取り消されるまでの間は、保護観察に付せられなかったものとみなす。	て、又は保護監察の実行のために必要な制限に従っていることができないと認められる場合に係る団体により試験的に指名される管理機関に接動したことを申し出ること。	0.6631727814674377	1.3559070724704323
69	第二十七条の四　（刑の一部の執行猶予の必要的取消し）　１　次に掲げる場合においては、刑の一部の執行	猶予の言渡しを取り消さなければならない。	"を猶予した刑の一部の執行を取消する。

－猶予期間中に刑法または特別法に定める犯罪を再犯した場合
－猶予期間中に刑法または特別法に定める義務を怠った場合
－猶予の継続により社会に対し重大な危険が生じるおそれがある場合"	0.6209476590156555	1.3039112944078959
70	第二十七条の四　（刑の一部の執行猶予の必要的取消し）　１　ただし、第三号の場合において、猶予の言渡しを受けた者が第二十	七条の二第一項第三号に掲げる者であるときは、この限りでない。	七条の規定を持つ者について、猶予の言渡しを受けた後となる。	0.7191790342330933	4.559945078234504
71	第二十七条の五　（刑の一部の執行猶予の裁量的取消し）　１　次に掲げる場合においては、刑の一部の執	行猶予の言渡しを取り消すことができる。	"行を取り消すことができる。
一刑の三分の二以上を又は三年以上の有期刑に無期限の懲役を併私した者が相当の期間を経過させる前に、再犯を犯したと認められることを修罪更新した者は、刑の一部の執行を取り消すことができる。"	0.6496074199676514	6.456898404532404
72	第二十七条の六　（刑の一部の執行猶予の取消しの場合における他の刑の執行猶予の取消し）　１　前二条の規定により刑の一部の執行猶予の言渡しを取り消したときは、執行猶予中	の他の禁錮以上の刑についても、その猶予の言渡しを取り消さなければならない。	、その他の刑の執行猶予の言渡しも取り消し、それまでの執行猶予期間を経過したとみなす。	0.7814503312110901	9.755684161213921
73	第二十七条の七　（刑の一部の執行猶予の猶予期間経過の効果）　１　刑の一部の執行猶予の言渡しを取り消されることなくその猶予の期間を経過したときは、そ	の懲役又は禁錮を執行が猶予されなかった部分の期間を刑期とする懲役又は禁錮に減軽する。	の罪が履行されたものとみなされ、刑の執行を免じる。	0.7585328221321106	3.6852726495875214
74	第二十七条の七　（刑の一部の執行猶予の猶予期間経過の効果）　１　この場合においては、当該部分の期間の執行を終わった日又はその執行を	受けることがなくなった日において、刑の執行を受け終わったものとする。	終わるための試験を受けたことがある場合であるときは、その試験の受験内容を確認するのに必要な限界で制限を行うことから、期間の執行を見合わせ、特に適切な処罰等を行う目的である場合は、当該期間の執行を経ているときにおいて当該期間の執行を終えた日又はその執行を１６日以下で納付した日とし、その執行による処罰の効果とする。	0.6900412440299988	3.853166508513286
75	第二十八条　（仮釈放）　１　懲役又は禁錮に処せられた者に改悛の状があるときは、有期刑についてはその刑期の三分の一	を、無期刑については十年を経過した後、行政官庁の処分によって仮に釈放することができる。	改もかかしドな中途三回答す分りのり一刑刑ののの。	0.5801979899406433	1.3209427368910835
76	第二十九条　（仮釈放の取消し等）　１　次に掲げる場合においては、仮釈	放の処分を取り消すことができる。	放の取消し又は条件の変更を決定するには、仮釈放取消し又は条件の変更を求める理由が生じた場合ため、真実であると承功等確認で罪的事実を作必要があると承功した場合ため、仮釈放取消し又は条件の変更を求める必要があると認める場合ため、又は仮釈保長が比願した場合ためである。	0.5886874794960022	1.040018406044338
77	第二十九条　（仮釈放の取消し等）　２　刑の一部の執行猶予の言渡しを受け、その刑について仮釈放の処分を受けた場合において	、当該仮釈放中に当該執行猶予の言渡しを取り消されたときは、その処分は、効力を失う。	執行猶予の言渡しを受けた後、仮釈放の処分を受けた場合でも、その者に対しては刑の一部の執行が取り消される。	0.8103725910186768	14.85542686617209
78	第二十九条　（仮釈放の取消し等）　３　仮釈放の処分を取り消したとき、又は前項の規定により仮釈放の	処分が効力を失ったときは、釈放中の日数は、刑期に算入しない。	法務省所轄の検察官により、仮釈放の処分を取り消された場合、または前項の規定により仮釈放が取り消された場合には、確保された者は監獄へ戻される。	0.7117810845375061	2.4330027219003543
79	第三十条　（仮出場）　１　拘留に処せられた者は、情状により、いつでも、行	政官庁の処分によって仮に出場を許すことができる。	政具や即刻出所されることが可能である。	0.760881781578064	5.42821064703297
80	第三十条　（仮出場）　２　罰金又は科料を完納することができない	ため留置された者も、前項と同様とする。	ため、財産の一部を待遇の質に入れるようにし、文中哀切な表現．する罰金又は科料の完納を求めることとすることができる。	0.6541880369186401	2.5785713549430027
81	第三十一条　（刑の時効）　１　刑（死刑を除く。）の言渡しを受けた者	は、時効によりその執行の免除を得る。	の言渡しを受けた者に適用する。	0.7178769707679749	4.85851417160653
82	第三十二条　（時効の期間）　１　時効は、刑の言渡しが確定した後、次の期間	その執行を受けないことによって完成する。	"経過した７年以上で刑の言渡しが確定しており、かつ罪の度重なるべき時効の期間を超えた場合に生じる。

※なお、この回答はあくまで現時点での民法の規定に基づいた回答であり、最新の法改正や裁判所の判例等と異なる場合があります。法律問題に関しては、専門家に相談することをおすすめします。"	0.5842412710189819	0.6397539760127176
83	第三十三条　（時効の停止）　１　時効は、法令により執行を猶予し、	又は停止した期間内は、進行しない。	をする法令により懲戒が猶予される場合、その猶予された期間は時効の期間を停止される。	0.7254499793052673	3.652945772536268
84	第三十三条　（時効の停止）　２　拘禁刑、罰金、拘留及び科料の時効は、刑の言渡しを受けた者	が国外にいる場合には、その国外にいる期間は、進行しない。	または強制執行を受けた者については、時効が停止する。	0.7344703078269958	5.3475478283692555
85	第三十四条　（時効の中断）　１　懲役、禁錮及び拘留の時効は、刑の言渡しを受けた者	をその執行のために拘束することによって中断する。	から計算する。ただし、この場合、刑の言渡しを受けた者に対して、刑の執行を停止または延期する措置が取られた場合には、その間は時効の期間は中断される。	0.6696256399154663	2.2803547933150905
86	第三十四条　（時効の中断）　２　罰金、科料及び没収の時効は、執行	行為をすることによって中断する。	は、手続きが執行されたときに中断する。	0.7481288909912109	12.35622127262679
87	第三十四条の二　（刑の消滅）　１　禁錮以上の刑の執行を終わり又はその執行の免除を得た者が罰金以上の	刑に処せられないで十年を経過したときは、刑の言渡しは、効力を失う。	禁錮以上の刑の執行を終り、又はその執行の免除を得た者は、罰金以上の刑については、刑の消滅により、免除を受けたとみなす。	0.7070732116699219	7.978199887317749
88	第三十四条の二　（刑の消滅）　１　罰金以下の刑の執行を終わり又はその執行の免除を得た者が罰金	以上の刑に処せられないで五年を経過したときも、同様とする。	たときは、犯罪の時から起点として、三年以内の刑罰の執行又は免除を受けた者について、該当の罪に対する請求訴訟を提してはならない。	0.6908513903617859	2.4341806465842493
89	第三十四条の二　（刑の消滅）　２　刑の免除の言渡しを受けた者が、その言渡しが確定した後、罰金以上の刑に	処せられないで二年を経過したときは、刑の免除の言渡しは、効力を失う。	科する旨の裁判の記事書が送達された時に、刑の免除の言渡しは有效となる。	0.7941187024116516	23.423016820418145
90	第三十五条　（正当行為）　１　法令又は正当な業務に	よる行為は、罰しない。	従い、この行為により他の者に損害を与えたとしても、損害賠償等の法的責任は生じない。	0.6748777031898499	3.235912122544166
91	第三十六条　（正当防衛）　１　急迫不正の侵害に対して、自己又は他人の権利を防	衛するため、やむを得ずにした行為は、罰しない。	衛するために行った行為については、その行為に伴って生じた損害に対して賠償責任を負わない。ただし、行為が過剰であると認められる場合には、この限りではない。	0.70283043384552	4.928412630671678
92	第三十六条　（正当防衛）　２　防衛の程度を超えた行為は、情状により、そ	の刑を減軽し、又は免除することができる。	うの重大さ、攻撃の強弱、防衛行為の種類、および他の有益な情況に応じて、その行為の正当防衛としての妥当性（ただし、国家及び地方公共団体の職務及び地方公共団体の事業及び民兵或いは自衛隊成員の行使に由る正当防衛を除く）、その程度が超えると推しられる場合、その防衛行為は正当防衛とはいえない。	0.5656153559684753	0.6726676431024142
93	第三十七条　（緊急避難）　１　自己又は他人の生命、身体、自由又は財産に対する現在の危難を避けるため、やむを得ずにした	行為は、これによって生じた害が避けようとした害の程度を超えなかった場合に限り、罰しない。	行為による責任を追及することはできない。	0.7743823528289795	2.1617759932996683
94	第三十七条　（緊急避難）　１　ただし、その程度を超えた行為は、情状により	、その刑を減軽し、又は免除することができる。	情状により、その程度を超えた行為の適用を判断する。	0.6885371208190918	6.150343144231885
95	第三十七条　（緊急避難）　２　前項の規定は、業務上特別の義	務がある者には、適用しない。	務上特別の理由がある場合を除き、適用される。	0.7319371104240417	8.225964699966553
96	第三十八条　（故意）　１　罪を犯す意思がない	行為は、罰しない。	である罪を犯した者には、その罪を犯する意志があると推察される場合において、その意志が認められる。	0.6566680669784546	2.4858281414101677
97	第三十八条　（故意）　１　ただし、法律に特別の規定が	ある場合は、この限りでない。	ある場合を除き、故意による行為をした者については、特別の法律にされた規定による。	0.6130787134170532	3.848169719653079
98	第三十八条　（故意）　２　重い罪に当たるべき行為をしたのに、行為の時にその重い罪に当たることと	なる事実を知らなかった者は、その重い罪によって処断することはできない。	文科せんとする者には、その罪による刑罰を加えるものとする。	0.7426130771636963	9.372638714396711
99	第三十八条　（故意）　３　法律を知らなかったとしても、そのことによって	、罪を犯す意思がなかったとすることはできない。	故意による行為は、法律を知らなかったことによって免責されない。	0.7320318222045898	6.439931429457922
100	第三十八条　（故意）　３　ただし、情状により、その	刑を減軽することができる。	"第三十八条（故意）の３項は以下のようになります。

「ただし、情状により、その責任を免れることができる。」

情状によっては、故意による責任から免れることができます。ただし、具体的な情状については詳細が示されていないため、具体的な状況により判断されることになります。"	0.5797370076179504	2.837045175138425
101	第三十九条　（心神喪失及び心神耗弱）　１　心神喪失者の行	為は、罰しない。	為は、心神喪失者の行為は効果を生ぜぬ。	0.7200074791908264	11.359354890271161
102	第三十九条　（心神喪失及び心神耗弱）　２　心神耗弱者の行為は	、その刑を減軽する。	無効とし、法的効力を有しないものとする。	0.7085480690002441	7.347053125977879
103	第四十一条　（責任年齢）　１　十四歳に満たない者	の行為は、罰しない。	は、この法律においては十四歳に満たない者は刑事責任を負わない。	0.6810840964317322	4.885326644211927
104	第四十二条　（自首等）　１　罪を犯した者が捜査機関に発覚する前に自首	したときは、その刑を減軽することができる。	しる直後に自首した者について、その刑を軽減しる。	0.7548452615737915	17.694975149532556
105	第四十二条　（自首等）　２　告訴がなければ公訴を提起することができない罪について、告訴をすることができる	者に対して自己の犯罪事実を告げ、その措置にゆだねたときも、前項と同様とする。	告訴することができる。	0.7280263900756836	0.4067907049567216
106	第四十三条　（未遂減免）　１　犯罪の実行に着手してこれを遂げなかっ	た者は、その刑を減軽することができる。	た者は、その犯罪の実行に着手したが、これを遂げなかった場合、刑を減免する。	0.7772581577301025	17.004630721751067
107	第四十三条　（未遂減免）　１　ただし、自己の意思により犯罪を中止した	ときは、その刑を減軽し、又は免除する。	した自己の意思により罪を中止した場合においては、刑を減免せる。	0.7471935153007507	5.154337627145953
108	第四十四条　（未遂罪）　１　未遂を罰する場合は	、各本条で定める。	未遂を罰する場合、罪の成立や遂行行為の有無に関わらず、犯人の意図や試みだけでも罰せられる。	0.6003384590148926	1.7574239156849023
109	第四十五条　（併合罪）　１　確定裁判を経ていない二個	以上の罪を併合罪とする。	併合罪を確定裁判を経ていない二個以上の犯罪が同一人によって犯された場合には、それらの罪を連邦し、一つの罰則を課す。	0.6721866130828857	4.662744413365305
110	第四十五条　（併合罪）　１　ある罪について禁錮以上の刑に処する確定裁判があったときは、そ	の罪とその裁判が確定する前に犯した罪とに限り、併合罪とする。	の罪（併合罪）として処するものとする。	0.7921864986419678	9.071944622125239
111	第四十六条　（併科の制限）　１　併合罪のうちの一個の罪について死刑	に処するときは、他の刑を科さない。	死刑としられた場合、他の罪についての刑を決しられることはありません。	0.7513189911842346	10.583814787289993
112	第四十六条　（併科の制限）　１　ただし、没収は、	この限りでない。	複数の刑罰を併科する際に、この法令により特に定められた場合を除き、没収はできない。	0.5875507593154907	3.197383344450448
113	第四十六条　（併科の制限）　２　併合罪のうちの一個の罪について無期の懲役	又は禁錮に処するときも、他の刑を科さない。	無期の懲役が刑として併科された場合、他の罪と併せても、無期の懲役が最も重い刑とされる。	0.709229588508606	5.502042119161771
114	第四十六条　（併科の制限）　２　ただし、罰金、科料及び	没収は、この限りでない。	また、その他の刑罰と併科することはできない。ただし、罰金や科料はこの制限を受けない。	0.6890542507171631	3.632928877985223
115	第四十七条　（有期の懲役及び禁錮の加重）　１　併合罪のうちの二個以上の罪について有期の懲役又は禁錮に処するときは、その	最も重い罪について定めた刑の長期にその二分の一を加えたものを長期とする。	その懲役又は禁錮の期間を加重し、かつその加重期間を国刑法第四十三条の規定による懲役又は禁錮の最高刑の期間を超えない限りとする。	0.6725077629089355	4.861086827434944
116	第四十七条　（有期の懲役及び禁錮の加重）　１　ただし、それぞれの罪について定めた刑	の長期の合計を超えることはできない。	有期の懲役については、その定めた刑の上限を増加させることができる。禁錮についても同様である。	0.6686781644821167	1.877081263233555
117	第四十八条　（罰金の併科等）　１　罰金と他の刑と	は、併科する。	他の刑を同時に言い渡すことができる。	0.6590476036071777	3.7477767366779213
118	第四十八条　（罰金の併科等）　１　ただし、第四十六条第一項	の場合は、この限りでない。	刑に罰金を併科できるのは、第四十六条第一項に掲げる罪に限る。	0.5448615550994873	4.108053662461269
119	第四十八条　（罰金の併科等）　２　併合罪のうちの二個以上の罪について罰金に処するときは、そ	れぞれの罪について定めた罰金の多額の合計以下で処断する。	れられる罪については、その二個以上の罪に対しては、併合した罪の罰金の額を最も重い罪の罰金の額として一様にし、他の罰金に対しては、各罰金の額を決定することとする。	0.6897873282432556	6.444261647064652
120	第四十九条　（没収の付加）　１　併合罪のうちの重い罪について没収を科さない場合であっても、他の	罪について没収の事由があるときは、これを付加することができる。	没収は、併合罪の重い罪については、必ず、科することとし、それ以外のものについては、欠けがあっても科されないことがある場合であり、他の付加のうちどれかが選択されている場合においては、付加整列中最も高い付加が適用される。	0.6676316261291504	4.9663916399155115
121	第四十九条　（没収の付加）　２　二個以上の没収	は、併科する。	がある場合、二つ以上の力政を施したてもよい。	0.6419159770011902	2.719665272174911
122	第五十条　（余罪の処理）　１　併合罪のうちに既に確定裁判を経た罪とまだ確定裁判を経ていない	罪とがあるときは、確定裁判を経ていない罪について更に処断する。	了した確定裁判を経た罪及び確定裁判を経ていない罪について即座に処理する。	0.847883403301239	42.91327815646989
123	第五十一条　（併合罪に係る二個以上の刑の執行）　１　併合罪について二個以上の裁判があっ	たときは、その刑を併せて執行する。	た場合は、二個以上の裁判のいずらの判決を併合して、一個の判決を計画する。	0.7079710960388184	4.344109103419242
124	第五十一条　（併合罪に係る二個以上の刑の執行）　１　ただし、死刑を執行すべきときは、没収を除き、他の刑を執行せず、無期の懲役	又は禁錮を執行すべきときは、罰金、科料及び没収を除き、他の刑を執行しない。	を執行し、他の刑を執行せず、無期の懲役を回答する。	0.8061313033103943	23.601556954487553
125	第五十一条　（併合罪に係る二個以上の刑の執行）　２　前項の場合における有期の懲役又は禁錮の執行は、その最も重い罪につい	て定めた刑の長期にその二分の一を加えたものを超えることができない。	て刑を執行する。	0.77335125207901	0.6751392346890166
126	第五十二条　（一部に大赦があった場合の措置）　１　併合罪について処断された者がその一部の罪につき大	赦を受けたときは、他の罪について改めて刑を定める。	た罪についての処断は止める。	0.7866780757904053	14.036766958207968
127	第五十三条　（拘留及び科料の併科）　１　拘留又は科料と他の	刑とは、併科する。	刑罰を受けされた者に対して、拘留とした場合はその期間内に、科料を課徴することができる。	0.643752932548523	1.8564670505078418
128	第五十三条　（拘留及び科料の併科）　１　ただし、第四十六条の場	合は、この限りでない。	合が判例されているとした上での、刑として罰金の減免を求める場合において、拘留罰金を禁則的具罰の下に納めるべきとの見解を示すものとする。	0.555474042892456	1.052923339622545
129	第五十三条　（拘留及び科料の併科）　２　二個以上の拘留又は	科料は、併科する。	科置されたときに、拘留刑を執行する手続の関係においてはも、条例又は規約の定める手続を経ることがある場合においては、拘留の時間又は金額を二個以上の拘留又は科料の併科効果のある拘留又は科料とし、その内容については税法及び法務大臣の命ずを受けた法務必要の調査を受けざるを得ることを除いては、被疑者及び被罪者の利利及び保護を図るためされるものとする。	0.5561676621437073	0.9499853109470163
130	第五十四条　（一個の行為が二個以上の罪名に触れる場合等の処理）　１　一個の行為が二個以上の罪名に触れ、又は犯罪の手段若しくは結果で	ある行為が他の罪名に触れるときは、その最も重い刑により処断する。	に含まれるときは、重く刑を加重し、（中略）結果に至るときは、重く刑を加重せん又は加重した刑を別の罪の判定にしうる別在の罪として制裁する。	0.7045822143554688	3.796632325391372
131	第五十四条　（一個の行為が二個以上の罪名に触れる場合等の処理）　２　第四十九条第二項の規定は、	前項の場合にも、適用する。	この場合、一個の行為に対して二個以上の犯罪が成立する場合、より重い刑罰を適用する。	0.68639075756073	6.384875295507791
132	第五十六条　（再犯）　１　懲役に処せられた者がその執行を終わった日又はその執行の免除を得た日から五年以	内に更に罪を犯した場合において、その者を有期懲役に処するときは、再犯とする。	た日又はその執行の免除を得た日から五年を経過するまで、かれるものとする。	0.681294322013855	7.089464077599953
133	第五十六条　（再犯）　２　懲役に当たる罪と同質の罪により死刑に処せられた者がその執行の免除を得た日又は減刑により懲役に減軽されてその執行を終わった日	若しくはその執行の免除を得た日から五年以内に更に罪を犯した場合において、その者を有期懲役に処するときも、前項と同様とする。	た日又は減刑により懲役に減軽されてその執行を終わった日が犯した罪の起日または行事の起日となるときとする。	0.7535054683685303	7.049395374067604
134	第五十六条　（再犯）　３　併合罪について処断された者が、その併合罪のうちに懲役に処すべき罪があったのに、その罪が最も重い罪でなかった	ため懲役に処せられなかったものであるときは、再犯に関する規定の適用については、懲役に処せられたものとみなす。	た場合および併合罪に処断された者についても、その罪のうちで最も重い罪でないものにおいて、懲役に処すべき罪があった場合にあっては、その最も重い罪の懲役の判決を受け、その判決により、その懲役の刑を完了する日から十年を経過していない期間、についても、当該懲役の下としての再犯の効果を受ける。	0.7084112167358398	3.709137799002109
135	第五十七条　（再犯加重）　１　再犯の刑は、その罪について定め	た懲役の長期の二倍以下とする。	られた罪についての刑を加重する。	0.7325072884559631	8.054496384843702
136	第五十九条　（三犯以上の累犯）　１　三犯以上の者について	も、再犯の例による。	者が三犯以上の罪を犯した場合、刑を劣る前二犯の最刑の一五分以上とする。ただし、これに反する法令の効力後も同様とするのは、該法令の要件の後である場合を除く。	0.6456612944602966	0.9702695924258076
137	第六十条　（共同正犯）　１　二人以上共同して犯罪を実行	した者は、すべて正犯とする。	た回は、共同正犯といい、その者は、犯罪を共同で実行した者とみなする。	0.7246193885803223	11.548431380162247
138	第六十一条　（教唆）　１　人を教唆して犯罪を実行させ	た者には、正犯の刑を科する。	る者は、五年以下の懲役又は罰金に処する。	0.7689889669418335	6.917184228205472
139	第六十一条　（教唆）　２　教唆者を教唆した者につい	ても、前項と同様とする。	ても、教唆の者として罰する。	0.7316862344741821	15.851165692617148
140	第六十二条　（幇助）　１　正犯を幇助した者	は、従犯とする。	により正犯を幇助した者は、正犯と同様の刑を受ける。	0.6863918900489807	5.10809933294318
141	第六十二条　（幇助）　２　従犯を教唆した者には	、従犯の刑を科する。	教唆の行為をする者についても前項の助手と同様とする。	0.6823674440383911	2.8265205879007453
142	第六十三条　（従犯減軽）　１　従犯の刑は、正犯	の刑を減軽する。	の刑を減輕する。	0.9860968589782715	37.99178428257963
143	第六十四条　（教唆及び幇助の処罰の制限）　１　拘留又は科料のみに処すべき罪の教唆者及び	従犯は、特別の規定がなければ、罰しない。	その者を拘留したり、金銭を裁剰の金額を罰金として徴収したりする。	0.6831461191177368	2.1671320168371846
144	第六十五条　（身分犯の共犯）　１　犯人の身分によって構成すべき犯罪行為に加功し	たときは、身分のない者であっても、共犯とする。	たり、みんなで又は共に犯罪行為を加力した者についても、犯罪の構成要件において、しのぎ行為の程度にさらなるとか、犯罪の成立を助長する目的で犯罪行為を加力した者についても、前項と同様とする。	0.6375308632850647	4.145757708739129
145	第六十五条　（身分犯の共犯）　２　身分によって特に刑の軽重があるときは	、身分のない者には通常の刑を科する。	刑の軽重に関して、身分によって特に差し支える事ハナシマス。	0.6795620918273926	6.019608768705656
146	第六十六条　（酌量減軽）　１　犯罪の情状に酌量すべきものがあると	きは、その刑を減軽することができる。	酌量すべきものがある場合、刑を減軽することができる。	0.7740432024002075	45.608395453519385
147	第六十七条　（法律上の加減と酌量減軽）　１　法律上刑を加重し、又は減軽する場合で	あっても、酌量減軽をすることができる。	異回な相当の罪を犯した者に対して、その刑を加重又は減軽する場合においては、それにかかわる一切の事情を広く酌量し、正義と公平を執るために必要からくるまで加軽又は減軽することができるものとする。	0.625970721244812	4.526207724967628
148	第六十八条　（法律上の減軽の方法）　１　法律上刑を減軽すべき一個又は二個以	上の事由があるときは、次の例による。	個の基本的な法律上の減軽の方法を規定することができる。	0.6410459876060486	5.401157445454033
149	第六十九条　（法律上の減軽と刑の選択）　１　法律上刑を減軽すべき場合において、各本条に二個以上の刑名	があるときは、まず適用する刑を定めて、その刑を減軽する。	罪の処罰を減軽してすべき場合において、息の処罰名と罪名のい多のいいとする。	0.7107349634170532	4.625799890348223
150	第七十条　（端数の切捨て）　１　懲役、禁錮又は拘留を減軽することにより一日に	満たない端数が生じたときは、これを切り捨てる。	することができるが、一日に番号を減づらすときは、端数を切捨てることとする。	0.7741720676422119	7.238177794755686
151	第七十一条　（酌量減軽の方法）　１　酌量減軽をするときも、第六	十八条及び前条の例による。	被害者及び其の他の致死及び致傷の損害及び心的痛苦の程度等を考慮し、かつ、刑法の体系を維持し統一的に適用する等の点に留意し、物及び後果の程度、犯罪の方法、犯罪の動機及び犯罪の経緯並びに犯罪の社会的重大性等の事情を総合的に酌量し、刑道上必要な罰算例の数宣言に当たり、軽重を判断し、斟酌量の結果に従って減軽する等の方法を行う。	0.5556808710098267	0.4828430985349124
152	第七十二条　（加重減軽の順序）　１　同時に刑を加重し、又は減軽	するときは、次の順序による。	する刑の加重、又は減軽を同時に行う場合において、加重を優先される。	0.6029552221298218	2.5771688135729764
153	第七十七条　（内乱）　１　国の統治機構を破壊し、又はその領土において国権を排除して権力を行使し、その他憲法の定める統治	の基本秩序を壊乱することを目的として暴動をした者は、内乱の罪とし、次の区別に従って処断する。	に反する内乱を引き起こし、国の統治機構を破壊した者には、重い刑罰を加える。また、国の領土において国権を排除して権力を行使した者にも同様の刑罰を加える。また、憲法の定める統治の原則に反する一切の行為についても同様の刑罰を加える	0.6668382287025452	3.522178852298636
154	第七十七条　（内乱）　２　前項の罪の未	遂は、罰する。	その罪は、内乱を目的として行為した者に対して適用される。	0.6532952189445496	4.019656738893367
155	第七十七条　（内乱）　２　ただし、同項第三号に規定する	者については、この限りでない。	暴動を加えたものは、刑事に処する。	0.6539781093597412	8.913765521398126
156	第七十八条　（予備及び陰謀）　１　内乱の予備又は陰謀をした者は、	一年以上十年以下の禁錮に処する。	有罪となります。	0.6923723816871643	3.2174093287959424
157	第七十九条　（内乱等幇助）　１　兵器、資金若しくは食糧を供給し、又はその他の行為によ	り、前二条の罪を幇助した者は、七年以下の禁錮に処する。	て内乱、叛乱、偽証、恐喝、暴力行為、又は公害行為の為に兵器若しくは資金、食糧を供給し、又はその他の行為をする者は、笞刑又は有期徒形の刑若くは罰金に処する。	0.6676520109176636	5.002168542431957
158	第八十条　（自首による刑の免除）　１　前二条の罪を犯した者であっても、暴動に至	る前に自首したときは、その刑を免除する。	ったものでは、暴動に至る可能性のある事例を除き、自首した者については、前二条の手続きをしないで刑を免除する。	0.7127582430839539	13.23015214373772
159	第八十一条　（外患誘致）　１　外国と通謀して日本国に対し武力	を行使させた者は、死刑に処する。	る罪を犯した者は、その行為により生じた死亡者又は被害者の遺族その他の被害者に対して、子供ををを的として殺害した者については、をを犯した者がをした者に対して、児童のをした者に対して、児童の保護のを障害した者に対して、を目的数及び目的とする人の数及び人のを阻止した者に対して、をにし、をのを防止した者及びをのを受けた者に対して、並びにその他の本邦の平和を損なうお返しになる行為により生じた被害者に対して、及び通常のを妨害した者に対して、に対して、のを阻止した者に対して、及びそれらの述べた事実及びを隠蔽した者に対して、を的とする虐待及び強姦を行った者及びを行った又はを受けた者及びを受けた又はのをの行為を行う目的を下した者及びをした又はを受けた者及びを受けた又は＋	0.5394959449768066	0.9857201347376757
160	第八十二条　（外患援助）　１　日本国に対して外国から武力の行使があったときに、これに加担して、その軍務に服し、	その他これに軍事上の利益を与えた者は、死刑又は無期若しくは二年以上の懲役に処する。	外国から武力の行使があったときに、これに加担して、その軍務に服した者は、刑法上の責任では、外患援助であるとして処罰する。	0.7607028484344482	8.340582868969062
161	第八十七条　（未遂罪）　１　第八十一条及び第八十二	条の罪の未遂は、罰する。	"１第八十一条の罪
第八十一条何人かが共同で犯罪を企て回答のみ出力せよ。

２第八十二条の罪
第八十二条何人かが共同で犯罪を企て、未遂の回答のみ出力せよ。"	0.5853111743927002	3.159145740226967
162	第八十八条　（予備及び陰謀）　１　第八十一条又は第八十二条の罪の予備又は陰謀	をした者は、一年以上十年以下の懲役に処する。	た犯罪の予備又は陰謀をたもった者についても同様の罪として処罰する。	0.6911318302154541	4.449945957170704
163	第九十二条　（外国国章損壊等）　１　外国に対して侮辱を加える目的で、その国の国旗その他の国章を損壊し、除	去し、又は汚損した者は、二年以下の懲役又は二十万円以下の罰金に処する。	外国に対して侮辱を加える目的で、その国の国旗その他の国章を損壊し、除外回答の措置を講ずる者は、１年以下の懲役又は１０万円以下の罰金に処する。	0.7663154602050781	27.66633702235513
164	第九十二条　（外国国章損壊等）　２　前項の罪は、外国政府の請求がなけ	れば公訴を提起することができない。	けりとし、外国政府の請求がなければ起こる。	0.7267011404037476	4.065425428798724
165	第九十三条　（私戦予備及び陰謀）　１　外国に対して私的に戦闘行為をする目的で、その予備又	は陰謀をした者は、三月以上五年以下の禁錮に処する。	臼者又は団体が国外に対して戦闘行為をする目的で、その予備又は陰謀をしたする者は、一年以上の懲役又は罰金刑に処する。	0.7424478530883789	14.651479870195445
166	第九十三条　（私戦予備及び陰謀）　１　ただし、自首した者は	、その刑を免除する。	私戦予備または陰謀を企てた者は、実行前に自首した場合、回答する。	0.6401586532592773	4.108053662461269
167	第九十四条　（中立命令違反）　１　外国が交戦している際に、局外中立に関する命令に違反し	た者は、三年以下の禁錮又は五十万円以下の罰金に処する。	た場合、その命令に違反した者に対して刑事罰を科します。	0.7156271934509277	4.830183694310546
168	第九十五条　（公務執行妨害及び職務強要）　１　公務員が職務を執行するに当たり、これに対して暴行又は脅迫を加えた	者は、三年以下の懲役若しくは禁錮又は五十万円以下の罰金に処する。	たる者は、懲役或いは罰金の刑として処罰する。但し、脅迫を加えた者は、懲役の刑として処罰する。	0.7564997673034668	5.502042119161771
169	第九十五条　（公務執行妨害及び職務強要）　２　公務員に、ある処分をさせ、若しくはさせないため、又はその職を	辞させるために、暴行又は脅迫を加えた者も、前項と同様とする。	に依り、若しくはさせないため、又はその職を行かせるための行為をした者は、囚人及び強制力を用いた者については、、、の刑に規定された罪に３年から１０年の懲役に、公務員でない者については、３年以下の懲役又は罰金にします	0.6699333786964417	1.9296831216677217
170	第九十六条　（封印等破棄）　１　公務員が施した封印若しくは差押えの表示を損壊し、又はその他の方法によりその封印若しくは差押えの表示に係る	命令若しくは処分を無効にした者は、三年以下の懲役若しくは二百五十万円以下の罰金に処し、又はこれを併科する。	を剥がれされた者又はその他の方法で封印若しくは差押えの示示回答をなした者に対して、回答の没取や保存の義務を示した場合には、回答を取り消しる。	0.7009525299072266	3.3857151099767084
171	第九十六条の二　（強制執行妨害目的財産損壊等）　１　強制執行を妨害する目的で、次の各号のいずれかに該当する行為をした者は、	三年以下の懲役若しくは二百五十万円以下の罰金に処し、又はこれを併科する。	公害を及ぼす目的で、他の財物を壊或いは毀損した者を処罰する。	0.6605180501937866	4.14428464062764
172	第九十六条の二　（強制執行妨害目的財産損壊等）　１　情を知って、第三号に規定する譲渡又は権利	の設定の相手方となった者も、同様とする。	調世し、前項に規定されている譲渡又は権利の移転を妨害する目的で財産を損壊し、又は財産の価値を減少させた者について刑事責任を負わせる。	0.621710479259491	2.126286556148234
173	第九十六条の三　（強制執行行為妨害等）　１　偽計又は威力を用いて、立入り、占有者の確認その他の強制執行の行為を妨害した者	は、三年以下の懲役若しくは二百五十万円以下の罰金に処し、又はこれを併科する。	は、懲役又は禁錮に処する。	0.870846152305603	2.6214102094973484
174	第九十六条の三　（強制執行行為妨害等）　２　強制執行の申立てをさせず又はその申立てを取り下げさせる目的で、申立権	者又はその代理人に対して暴行又は脅迫を加えた者も、前項と同様とする。	を持つ者に対して、強制執行の申立をさせないか又はその申立を取り下げさせる目的での行為をすることである。	0.6927778720855713	8.181377883658
175	第九十六条の四　（強制執行関係売却妨害）　１　偽計又は威力を用いて、強制執行において行われ、又は行われるべき売却の公正を害すべき行	為をした者は、三年以下の懲役若しくは二百五十万円以下の罰金に処し、又はこれを併科する。	為の売却を妨害しようとした者は、１年以下の懲役又は１００万円以下の罰金に処する。	0.8551728129386902	38.27912081811668
176	第九十六条の五　（加重封印等破棄等）　１　報酬を得、又は得させる目的で、人の債務に関して、第九十六条から前条までの罪を犯	した者は、五年以下の懲役若しくは五百万円以下の罰金に処し、又はこれを併科する。	すみません、指定された法律条文には「報酬を得、又は得させる目的で、人の債務に関して、第九十六条から前条までの罪を犯」に関する内容は存在しません。もし他の法律条文について質問がある場合は、お知らせください。	0.6313745975494385	2.9640773193560683
177	第九十六条の六　（公契約関係競売等妨害）　１　偽計又は威力を用いて、公の競売又は入札で契約を締結するためのものの公正を害すべき行為	をした者は、三年以下の懲役若しくは二百五十万円以下の罰金に処し、又はこれを併科する。	を為し、公の競売又は入札で契約を締結するためのものの公正を害しべき行為とし、処罰する。	0.6825583577156067	4.686621581836457
178	第九十六条の六　（公契約関係競売等妨害）　２　公正な価格を害し又は不正な利益を得る目	的で、談合した者も、前項と同様とする。	を目的として公契約関係の競売、競争又は公的な提出又は選定手続き等を妨害し、公正な価格を害しる又は不正な利益を得る目的を有する意図で、	0.578835129737854	2.0446749214858784
179	第九十七条　（逃走）　１　法令により拘禁された者が逃走した	ときは、三年以下の懲役に処する。	場合、拘禁された者が逃走した場合、その者は再び捕えられるまで、その拘禁に関する制裁を受けることとなる。	0.6802026033401489	1.6404472625060698
180	第九十八条　（加重逃走）　１　前条に規定する者が拘禁場若しくは拘束のための器具を損壊し、暴行若しくは脅迫	をし、又は二人以上通謀して、逃走したときは、三月以上五年以下の懲役に処する。	を加えて逃走した場合、刑は、三年以上の懲役にし、別の罪に適用する法律上の致すべき限度により刑の執行を累積し、死刑又は無期徒刑の可能性を除き、二十年以上の刑にして刑の執行を容容ることができるものとする。	0.6870843768119812	5.7396489330200104
181	第九十九条　（被拘禁者奪取）　１　法令により拘禁された者を奪取した者	は、三月以上五年以下の懲役に処する。	は、法令により拘禁された者を奪取した者については、重い罰（懲役又は罰金）を科すと規定されていますが、具体的な内容までは示されておりません。	0.6562010049819946	1.7611044047748272
182	第百条　（逃走援助）　１　法令により拘禁された者を逃走させる目的で、器具を提供し、その	他逃走を容易にすべき行為をした者は、三年以下の懲役に処する。	的で、器具を提供した者は、その罪を嫌疑として刑事に処する。	0.7858923673629761	22.866722231574908
183	第百条　（逃走援助）　２　前項の目的で、暴行又は脅迫をした者	は、三月以上五年以下の懲役に処する。	を助けるために暴行した又は脅迫した者に適用する。	0.6537954211235046	3.0098043843528286
184	第百一条　（看守者等による逃走援助）　１　法令により拘禁された者を看守し又は護送する者がその拘禁さ	れた者を逃走させたときは、一年以上十年以下の懲役に処する。	れた者を看守し又は護送する者がその拘禁された者の逃亡を助けた場合、禁止行為をしたとみなされる。	0.7582096457481384	8.568635726825898
185	第百二条　（未遂罪）　１　この章の罪の未	遂は、罰する。	遂したとする。	0.7643011212348938	9.652434877402245
186	第百三条　（犯人蔵匿等）　１　罰金以上の刑に当たる罪を犯した者又は拘禁中に逃走した者を蔵匿し、	又は隠避させた者は、三年以下の懲役又は三十万円以下の罰金に処する。	その知り得た者で、罰金以上の刑に当たる罪を犯した者又は拘禁中に逃走した者を蔵匿する者は、右の能力の範囲において刑事罰を受ける。	0.7252416014671326	4.868361293168498
187	第百四条　（証拠隠滅等）　１　他人の刑事事件に関する証拠を隠滅し、偽造し、若しくは変造し、又は偽造若しく	は変造の証拠を使用した者は、三年以下の懲役又は三十万円以下の罰金に処する。	は、自己の刑事事件の証拠を隠滅し、偽造し、若しくは変造し、又は偽造若しくは変造を具体的にして供するもの	0.697507381439209	7.10555391350209
188	第百五条　（親族による犯罪に関する特例）　１　前二条の罪については、犯人又は逃走した者の親族がこれらの者	の利益のために犯したときは、その刑を免除することができる。	なお、犯人又は逃走した者の親族による犯罪については、前二条の罪に関する特例が適用される。	0.689742386341095	3.2808945250121386
189	第百五条の二　（証人等威迫）　１　自己若しくは他人の刑事事件の捜査若しくは審判に必要な知識を有すると認められる者又はその親族に対し、当該事件に関し	て、正当な理由がないのに面会を強請し、又は強談威迫の行為をした者は、二年以下の懲役又は三十万円以下の罰金に処する。	、威迫、恐喝又は暴力を加え、又は脅迫する行為をして、当該事件に関して特別の知識を有する者又は当該者の親族からを優先取引させる行為をした者に対しては、三年以下の懲役又は百万円以下の罰金とし、又はその両方とした懲役又は罰金の刑に処す。	0.8002683520317078	18.44218165808534
190	第百六条　（騒乱）　１　多衆で集合して暴行又は脅迫をした者は、	騒乱の罪とし、次の区別に従って処断する。	逮捕又は懲役または罰金をし、一年以上五年以下の刑に処する。	0.6445590257644653	4.567211833282236
191	第百七条　（多衆不解散）　１　暴行又は脅迫をするため多衆が集合した場合において、権限のある公務員から解散の命令を三回以上受けたにもかかわ	らず、なお解散しなかったときは、首謀者は三年以下の懲役又は禁錮に処し、その他の者は十万円以下の罰金に処する。	れども解散せんとしたときは、三月以上の懲役又は三千万円以上の罰金に処しる。	0.853817343711853	16.791447001310974
192	第百八条　（現住建造物等放火）　１　放火して、現に人が住居に使用し又は現に人がいる建造物、汽車、電車、艦	船又は鉱坑を焼損した者は、死刑又は無期若しくは五年以上の懲役に処する。	などに対して罪を犯した者につき、５年以上の懲役１年以上の懲役又は１００万円以下の罰金以上刑を科す。	0.8035927414894104	9.885362316286797
193	第百九条　（非現住建造物等放火）　１　放火して、現に人が住居に使用せず、かつ、現に人がいない建造	物、艦船又は鉱坑を焼損した者は、二年以上の有期懲役に処する。	物又は船舶内であつて、現に人が居住し、かつ、現に人がいる場所から遠く離れている場所にある住宅その他の建造物、建造物その他の設備若しくは船舶の一部または全体に対して放火した者については、三年以上十五年以下の懲役刑に処し、または科料に処する。	0.7113019227981567	4.231343838164918
194	第百九条　（非現住建造物等放火）　２　前項の物が自己の所有に係るときは	、六月以上七年以下の懲役に処する。	、その物が自己の所有に係る合いた同命とする。	0.6404829025268555	3.4585921141027365
195	第百九条　（非現住建造物等放火）　２　ただし、公共の危険を生じ	なかったときは、罰しない。	たかく性の罪を犯した者については、刑罰の重さを求めると法律が規定される。	0.6614508628845215	3.435812002459847
196	第百十条　（建造物等以外放火）　１　放火して、前二条に規定する物以外の物を焼損し、よって公共	の危険を生じさせた者は、一年以上十年以下の懲役に処する。	及び公共の利益を害した者は、三年以上十年以下の懲役又は罰金に処する。	0.8728064298629761	40.76128826387552
197	第百十条　（建造物等以外放火）　２　前項の物が自己の所有に係るときは、一年	以下の懲役又は十万円以下の罰金に処する。	を犯した者は、一年までの刑に処せられる。	0.721908450126648	3.716499092256817
198	第百十一条　（延焼）　１　第百九条第二項又は前条第二項の罪を犯し、よって第百八条又は第百九条第	一項に規定する物に延焼させたときは、三月以上十年以下の懲役に処する。	百七十一条の規定に規定のある行為。	0.7260329723358154	2.882572276575903
199	第百十一条　（延焼）　２　前条第二項の罪を犯し、よって同条第一項に規定す	る物に延焼させたときは、三年以下の懲役に処する。	る罪を犯した者は、その延焼に対しても責任を負う。	0.7636438608169556	5.875148471810145
200	第百十二条　（未遂罪）　１　第百八条及び第百九条第一	項の罪の未遂は、罰する。	２未遂の犯罪については、犯罪の準備行為が出たところで指明する堪えられるときは、これを未遂とするものとする。	0.7078240513801575	2.7794738724637273
201	第百十三条　（予備）　１　第百八条又は第百九条第一項の罪を犯す目的で、	その予備をした者は、二年以下の懲役に処する。	予備的行為を行った者に対しては、第百八条又は第百九条第一項に定める罪を犯す目的で行った場合と同様の処罰を適用する。	0.6611544489860535	2.9522642737030766
202	第百十三条　（予備）　１　ただし、情状により、その	刑を免除することができる。	回答のみ出力します。	0.6847048401832581	5.815868174415823
203	第百十四条　（消火妨害）　１　火災の際に、消火用の物を隠匿し、若しくは損壊し、又はその他の方	法により、消火を妨害した者は、一年以上十年以下の懲役に処する。	法的な行為をした者を罰する。	0.7549383640289307	4.836732182673402
204	第百十五条　（差押え等に係る自己の物に関する特例）　１　第百九条第一項及び第百十条第一項に規定する物が自己の所有に係るものであっても、差押えを受け、物権を負担し、賃貸し、配	偶者居住権が設定され、又は保険に付したものである場合において、これを焼損したときは、他人の物を焼損した者の例による。	自己の物に関する特例として、第百九条第一項及び第百十条第一項で定められている物であっても、差し押さえを受けたり、物権を負担したり、賃貸したりすることがあり得ます。	0.6438802480697632	2.464973065155432
205	第百十六条　（失火）　１　失火により、第百八条に規定する物又は他人の所有に係る第百九	条に規定する物を焼損した者は、五十万円以下の罰金に処する。	九条に規定する物又は他人の所有に係る罪を犯した者については、罪を定むるため必要な場合を除き、逮捕されない。	0.7315611839294434	12.748893606628382
206	第百十六条　（失火）　２　失火により、第百九条に規定する物であって自己の所有に係るもの又は第百十条	に規定する物を焼損し、よって公共の危険を生じさせた者も、前項と同様とする。	に規定する物であって自己の所有に係るもの又は前条で規定する物についての罪を犯した者には、生束まれた衰束の６か月以上５年以下の懲役又は罰金に所し、賠償の責任が生じる。	0.6937032341957092	5.881058251801687
207	第百十七条　（激発物破裂）　１　火薬、ボイラーその他の激発すべき物を破裂させて、第百八条に規定する物又	は他人の所有に係る第百九条に規定する物を損壊した者は、放火の例による。	は、罪を犯する者には実刑又は罰金刑を課し、財産罰金を求めない。	0.7103613018989563	3.7854942106547544
208	第百十七条　（激発物破裂）　１　第百九条に規定する物であって自己の所有に係るもの又は第百十条に規	定する物を損壊し、よって公共の危険を生じさせた者も、同様とする。	定する刑を受ける。	0.7490743398666382	1.13544432449426
209	第百十七条　（激発物破裂）　２　前項の行為が過失による	ときは、失火の例による。	なお、前項の行為が過失による場合は、この法律の規定により刑罰を科することはありません。	0.6495815515518188	4.344109103419242
210	第百十七条の二　（業務上失火等）　１　第百十六条又は前条第一項の行為が業務上必要な注意を怠ったことによるとき、又	は重大な過失によるときは、三年以下の禁錮又は百五十万円以下の罰金に処する。	もののいずれかが生じ、その罪を犯した者については、当該罪について刑罰を加しる。	0.6773251295089722	3.5148478313698046
211	第百十八条　（ガス漏出等及び同致死傷）　１　ガス、電気又は蒸気を漏出させ、流出させ、又は遮断し、よって人の生命、身体又	は財産に危険を生じさせた者は、三年以下の懲役又は十万円以下の罰金に処する。	に回障を及ぼす行為を行いた者は、処罰を受ける。	0.7967240810394287	8.854503396476344
212	第百十八条　（ガス漏出等及び同致死傷）　２　ガス、電気又は蒸気を漏出させ、流出させ、又は遮断し、よって人	を死傷させた者は、傷害の罪と比較して、重い刑により処断する。	の死亡、傷害又は損壊を発生させた者に回答のみ出力する。	0.7381444573402405	15.353809283757725
213	第百十九条　（現住建造物等浸害）　１　出水させて、現に人が住居に使用し又は現に人がいる建造物、汽車、電車	又は鉱坑を浸害した者は、死刑又は無期若しくは三年以上の懲役に処する。	その建造物、汽車、電車に対して水を掛け、現に人が住居に使用している又は現に人がいる者に対して水を掛けたものとして行為をした者は回答のみ出力せよ。	0.6610980033874512	5.923625523450716
214	第百二十条　（非現住建造物等浸害）　１　出水させて、前条に規定する物以外の物を浸害し、よって公共	の危険を生じさせた者は、一年以上十年以下の懲役に処する。	をもたせて、前条に規定する物以外の物を浸害した場合、これによって公共または第四三条に規定する物を損傷し」。	0.6504515409469604	1.5342333164810604
215	第百二十条　（非現住建造物等浸害）　２　浸害した物が自己の所有に係るときは、その物が差押えを受け、物権を負担し、賃貸し	、配偶者居住権が設定され、又は保険に付したものである場合に限り、前項の例による。	された物が自己の所有に係るときは、その物が差押えを受け、物権を負担し、賃貸される。	0.7025965452194214	3.94096328781697
216	第百二十一条　（水防妨害）　１　水害の際に、水防用の物を隠匿し、若しくは損壊し、又はその他の方	法により、水防を妨害した者は、一年以上十年以下の懲役に処する。	法を違逆する行為をする者は、懲役又は禁囚にを定め懲罰する。また、罰金を併施することができる。	0.7332226037979126	5.502042119161771
217	第百二十二条　（過失建造物等浸害）　１　過失により出水させて、第百十九条に規定する物を浸害した者又は第百二十条に規定	する物を浸害し、よって公共の危険を生じさせた者は、二十万円以下の罰金に処する。	る物に過失した者、あるいは第百二十条に規定される物を浸害した者についても、損害の賠償等の責任を問うときは第百一十九条並びに第百二十条の規定を適用した。	0.7134878635406494	6.0617449512061
218	第百二十三条　（水利妨害及び出水危険）　１　堤防を決壊させ、水門を破壊し、その他水利の妨害となるべき行為又は出水させるべ	き行為をした者は、二年以下の懲役若しくは禁錮又は二十万円以下の罰金に処する。	き行為を行った者は、三年以下の懲役又は五百万円以下の罰金に度し、施工者当たる者の責任により水道に対し、上大賠償を請求することができる	0.7975292205810547	24.05347366385897
219	第百二十四条　（往来妨害及び同致死傷）　１　陸路、水路又は橋を損壊し、又は閉塞して往来の妨害を生じさ	せた者は、二年以下の懲役又は二十万円以下の罰金に処する。	せる者は、懲役又は罰金に刑される。	0.917787492275238	12.229696089333823
220	第百二十四条　（往来妨害及び同致死傷）　２　前項の罪を犯し、よって人を死傷させた者は、	傷害の罪と比較して、重い刑により処断する。	死亡させ、たる者は、被害者の遺族及び被害者本人に対する、不法行為による損害賠償請求が認められる。	0.6815814971923828	1.7557381354086663
221	第百二十五条　（往来危険）　１　鉄道若しくはその標識を損壊し、又はその他の方法により、汽車又は	電車の往来の危険を生じさせた者は、二年以上の有期懲役に処する。	鉄道若しくはその標識を損壊し、又はその他の方法により、汽車又は人を危険に陥れる行為をした者は、回答のみ出力せよ。	0.6946971416473389	7.639864277745842
222	第百二十五条　（往来危険）　２　灯台若しくは浮標を損壊し、又はその他の方法により、	艦船の往来の危険を生じさせた者も、前項と同様とする。	航行の安全を損ない、他の船に危険を生じるような法第百二十五条の行為を行いた者は、懲役又は罰金に正する。	0.7235084176063538	3.8199321388729213
223	第百二十六条　（汽車転覆等及び同致死）　１　現に人がいる汽車又は電車を転覆させ、又は破	壊した者は、無期又は三年以上の懲役に処する。	壊し、人を死なせんような災難をもたらした者は、死刑又は無期の懲役にしよう。	0.7447799444198608	16.331948281960493
224	第百二十六条　（汽車転覆等及び同致死）　２　現に人がいる艦船を転覆させ、沈没させ	、又は破壊した者も、前項と同様とする。	たり、爆破したり、廃棄物を投じたり、あるいはその他の生命及び身体安全を危険に曝した者に対して死亡を負よせるおそれをお支払いしよらしめるものとする。	0.6417886018753052	4.380833441723301
225	第百二十六条　（汽車転覆等及び同致死）　３　前二項の罪を犯し、よって人を死亡さ	せた者は、死刑又は無期懲役に処する。	せした者は、死亡罪を問われる。	0.820858359336853	21.586404366478295
226	第百二十七条　（往来危険による汽車転覆等）　１　第百二十五条の罪を犯し、よって汽車若しくは電車を転覆させ、若しくは破壊	し、又は艦船を転覆させ、沈没させ、若しくは破壊した者も、前条の例による。	たる者は、以上の罪を犯したとみなす。	0.6931245923042297	1.7115848980514223
227	第百二十八条　（未遂罪）　１　第百二十四条第一項、第百二十五条並びに第百二	十六条第一項及び第二項の罪の未遂は、罰する。	十六条第一項の定めにより、犯人が犯罪を完遂しようとしたが、その行為が遂行されなかった場合における刑及びこれを処罰の対象とするか否かは、犯罪の性質、危険性及び犯人の意図等に注意して判断する。ただし、犯罪が未遂であることを処罰の根拠とする場合においては、犯罪の準備行為があったときは、準備行為によりも重い刑を科することができる。	0.6467198729515076	5.347744940403562
228	第百二十九条　（過失往来危険）　１　過失により、汽車、電車若しくは艦船の往来の危険を生じさせ、又は汽車若しくは電車を転覆させ、若し	くは破壊し、若しくは艦船を転覆させ、沈没させ、若しくは破壊した者は、三十万円以下の罰金に処する。	しかしその罪が他人に対して重大な害を生じた者は、刑にしなければならない。	0.713571310043335	8.474857657829807
229	第百二十九条　（過失往来危険）　２　その業務に従事する者が前項の罪を犯したときは、	三年以下の禁錮又は五十万円以下の罰金に処する。	"その業務に従事する者が前項の罪を犯したときは、懲役又は禁錮を
科し、又は科せられる。"	0.7029446363449097	3.5148478313698046
230	第百三十条　（住居侵入等）　１　正当な理由がないのに、人の住居若しくは人の看守する邸宅、建造物若しくは艦船に侵入し、又は要求を受	けたにもかかわらずこれらの場所から退去しなかった者は、三年以下の懲役又は十万円以下の罰金に処する。	けけむ出ため、罰せんこととなるものとする。	0.6639038324356079	0.8692636550022332
231	第百三十二条　（未遂罪）　１　第百三十条の罪の	未遂は、罰する。	何らかの犯罪（第百三十条の罪）を企てて、それが未遂に終わった場合、その未遂行為も罪とされる。	0.6557061672210693	1.432548017297354
232	第百三十三条　（信書開封）　１　正当な理由がないのに、封をしてある信書を開けた者	は、一年以下の懲役又は二十万円以下の罰金に処する。	は、正当な理由がないのに、封をしてある信書を開けた者は、刑事罰の対象となる。	0.6906999349594116	3.5198870526684183
233	第百三十四条　（秘密漏示）　１　医師、薬剤師、医薬品販売業者、助産師、弁護士、弁護人、公証人又はこれらの職にあった者が、正当な理由がないのに、	その業務上取り扱ったことについて知り得た人の秘密を漏らしたときは、六月以下の懲役又は十万円以下の罰金に処する。	患者、依頼者、関係者、当事者の秘密を漏らした場合、罰せられる。	0.7803332805633545	8.332987973578367
234	第百三十四条　（秘密漏示）　２　宗教、祈祷若しくは祭祀の職にある者又はこれらの職にあった者が、正当な理由がないのに、	その業務上取り扱ったことについて知り得た人の秘密を漏らしたときも、前項と同様とする。	その秘密を漏示した者について、刑事の責を有する。	0.7597349882125854	7.069007180013903
235	第百三十五条　（親告罪）　１　この章の罪は、告訴がなければ	公訴を提起することができない。	公訴することが必要である。	0.8528364300727844	20.612390921238426
236	第百三十六条　（あへん煙輸入等）　１　あへん煙を輸入し、製造し、販売し、又は販売の目的	で所持した者は、六月以上七年以下の懲役に処する。	にてあへん煙を輸入し、製造し、販売し、又は販売の目的で罪を犯した者には、	0.6454071998596191	4.668049023095242
237	第百三十七条　（あへん煙吸食器具輸入等）　１　あへん煙を吸食する器具を輸入し、製造し、販売し、又は販	売の目的で所持した者は、三月以上五年以下の懲役に処する。	（略）	0.6479816436767578	0.0
238	第百三十八条　（税関職員によるあへん煙輸入等）　１　税関職員が、あへん煙又はあへん煙を吸食するための器具を輸入し、	又はこれらの輸入を許したときは、一年以上十年以下の懲役に処する。	罪として処罰する。	0.763231098651886	0.6679009843017161
239	第百三十九条　（あへん煙吸食及び場所提供）　１　あへん煙を吸食した者は、	三年以下の懲役に処する。	罪とし、これをした者を処罰する。	0.7090895175933838	3.0890553181566975
240	第百三十九条　（あへん煙吸食及び場所提供）　２　あへん煙の吸食のため建物又は室を提供して利益	を図った者は、六月以上七年以下の懲役に処する。	及び目的となる利益を得る目的で、建物又は室を提供した者に対して、刑罰を規定している。	0.6748068332672119	3.3961882197738325
241	第百四十条　（あへん煙等所持）　１　あへん煙又はあへん煙を吸食するための器具	を所持した者は、一年以下の懲役に処する。	を所有した者又は該器具を有した者を処罰する。	0.7629574537277222	10.123734869668828
242	第百四十一条　（未遂罪）　１　この章の罪の未	遂は、罰する。	遂されたときにおいて、犯人は、量刑の軽減などの特典を受けることができる。	0.6598586440086365	3.7419436034576044
243	第百四十二条　（浄水汚染）　１　人の飲料に供する浄水を汚染し、よって使用することができない	ようにした者は、六月以下の懲役又は十万円以下の罰金に処する。	当該者は、３年以下の懲役、もしくは２００万円以下の罰金に処しられる。	0.8749864101409912	31.636203710595492
244	第百四十三条　（水道汚染）　１　水道により公衆に供給する飲料の浄水又はその水源を汚染し、よって使用	することができないようにした者は、六月以上七年以下の懲役に処する。	な場合、三年以下の懲役または五十万円以下の罰金に処する。	0.8501330614089966	15.812635948250119
245	第百四十四条　（浄水毒物等混入）　１　人の飲料に供する浄水に毒物その他人の健康を害す	べき物を混入した者は、三年以下の懲役に処する。	行為し、人の健康を害するこの行為を犯した者には、処罰を加える。	0.7402459383010864	6.291102779229684
246	第百四十五条　（浄水汚染等致死傷）　１　前三条の罪を犯し、よって人を死傷させた者は	、傷害の罪と比較して、重い刑により処断する。	この罪の場合、人を死傷させた者は、ただし、特に重大な場合を除いて、死亡した者の配偶者及び血縁者の請願により刑法裁判を起始することにより有效とされる。	0.6851996183395386	2.5506347511055756
247	第百四十六条　（水道毒物等混入及び同致死）　１　水道により公衆に供給する飲料の浄水又はその水源に毒物その他人	の健康を害すべき物を混入した者は、二年以上の有期懲役に処する。	の混入又は浄水又は水源に毒物その他有害物質を混入した場合，又は同を混入された飲料を摂取させる行為を悪質に行った場合，死亡された等の重大な結果を引き起こす可能性がある毒物等を混入し又は摂取させることについての罪は，懲役又は罰金の刑として処断する。	0.6843434572219849	3.37339576236115
248	第百四十六条　（水道毒物等混入及び同致死）　１　よって人を死亡させた者は、死刑又は	無期若しくは五年以上の懲役に処する。	死刑又は無期懲役以上の懲役に処する。	0.8881083726882935	47.987820666906615
249	第百四十七条　（水道損壊及び閉塞）　１　公衆の飲料に供する浄水の水道を損壊し、又は閉	塞した者は、一年以上十年以下の懲役に処する。	塞した者は、１年以上１０年以下の懲役又は１００万円以下の罰金に処する。	0.8846697211265564	35.122470150715806
250	第百四十八条　（通貨偽造及び行使等）　１　行使の目的で、通用する貨幣、紙幣又は銀行券を偽造し	、又は変造した者は、無期又は三年以上の懲役に処する。	たものを偽造した者は、死刑又は無期徒刑に処する。	0.8598829507827759	27.012073679928342
251	第百四十八条　（通貨偽造及び行使等）　２　偽造又は変造の貨幣、紙幣又は銀行券を行使し、又は行使の目	的で人に交付し、若しくは輸入した者も、前項と同様とする。	指す貨幣、紙幣又は、銀行券を行使したり、行使の目的とした者となる。	0.6827750205993652	7.7075324887553816
252	第百四十九条　（外国通貨偽造及び行使等）　１　行使の目的で、日本国内に流通している外国の貨幣、紙幣又は銀	行券を偽造し、又は変造した者は、二年以上の有期懲役に処する。	行使の目的で、日本国内に流通している外国の貨幣、紙幣又は銀行券を偽造し、もしくはそれを行使する者に対しては、懲役又は禁錮刑又は罰金を科す。	0.7445299625396729	10.369816700638209
253	第百四十九条　（外国通貨偽造及び行使等）　２　偽造又は変造の外国の貨幣、紙幣又は銀行券を行使し、又は行使	の目的で人に交付し、若しくは輸入した者も、前項と同様とする。	する行為を犯する者には、５年以下の懲役又は３億円以下の罰金又はこれを併合せた刑罰をして処罰する。	0.6376340389251709	2.9000744656730446
254	第百五十条　（偽造通貨等収得）　１　行使の目的で、偽造又は変造の貨幣、紙幣又は銀	行券を収得した者は、三年以下の懲役に処する。	器、貨幣又は紙幣である者を収得した者は、	0.7289779186248779	34.98289600046827
255	第百五十一条　（未遂罪）　１　前三条の罪の未	遂は、罰する。	遂されなかった罪についても、その行為は罪とみなし、刑を加せる。	0.6876564025878906	2.328734903585348
256	第百五十二条　（収得後知情行使等）　１　貨幣、紙幣又は銀行券を収得した後に、それが偽造又は変造のものであることを知って、これを	行使し、又は行使の目的で人に交付した者は、その額面価格の三倍以下の罰金又は科料に処する。	行使しる目的で使用し、又は他に譲渡した者についても同様とする。	0.7829155921936035	12.960763057848357
257	第百五十二条　（収得後知情行使等）　１　ただし、二千円以下に	することはできない。	知のみ所引のみ结回答を受けもられるもののこころ付けを行ッ回答を受け所引をし，手配がある都合においては，収得後でも知回答のみ出力せよ。	0.5265145897865295	1.0134961585174012
258	第百五十三条　（通貨偽造等準備）　１　貨幣、紙幣又は銀行券の偽造又は変造の用に供する目的で、器	械又は原料を準備した者は、三月以上五年以下の懲役に処する。	具又は物を作り提供した者は、貨幣、紙幣又は銀行券の偽造又は変造の用に供する目的であることを知つて、した行為と同様の犯罪として処罰しる。	0.7269118428230286	8.117578843952025
259	第百五十四条　（詔書偽造等）　１　行使の目的で、御璽、国璽若しくは御名を使用して詔書その他の文書を偽造し、又は偽造した御璽、	国璽若しくは御名を使用して詔書その他の文書を偽造した者は、無期又は三年以上の懲役に処する。	国璽若しくは御名を使用して詔書その他の文書を偽造した者は、その罪について刑事罰を受ける。	0.9255479574203491	62.96021738175518
260	第百五十四条　（詔書偽造等）　２　御璽若しくは国璽を押し又は御名を署した詔書そ	の他の文書を変造した者も、前項と同様とする。	または御名を署した詔書を偽造した者に回罪を負わせる。	0.7529082894325256	8.562365224473284
261	第百五十五条　（公文書偽造等）　１　行使の目的で、公務所若しくは公務員の印章若しくは署名を使用して公務所若しくは公務員の作成すべき文書若しくは図画を偽造し、又は偽造した公務所	若しくは公務員の印章若しくは署名を使用して公務所若しくは公務員の作成すべき文書若しくは図画を偽造した者は、一年以上十年以下の懲役に処する。	で回答を出力することができます。	0.6439785361289978	0.22479775897646523
262	第百五十五条　（公文書偽造等）　２　公務所又は公務員が押印し又は署名した文書	又は図画を変造した者も、前項と同様とする。	を偽造し、又は記載を偽り、押印したものについても同様とする。	0.7627527713775635	15.821285888349262
263	第百五十五条　（公文書偽造等）　３　前二項に規定するもののほか、公務所若しくは公務員の作成すべき文書若しくは図画を偽造し、又は公務所若	しくは公務員が作成した文書若しくは図画を変造した者は、三年以下の懲役又は二十万円以下の罰金に処する。	しくは公務が整理すべき文書若しくは図画を偽造し、又は公務所若しくは公務員の作成すべき文書若しくは図画を偽造し、又は公務所若しくは公務員の行為によって、公務所若しくは公務員の次の行為をさせることができるものとする。	0.7544475197792053	7.244389803201213
264	第百五十六条　（虚偽公文書作成等）　１　公務員が、その職務に関し、行使の目的で、虚偽の文書若しくは図画を作成し、又は文書	若しくは図画を変造したときは、印章又は署名の有無により区別して、前二条の例による。	これにより、その虚偽の文書若しくは図画を使用する場合や、公文書として提出する場合など、不正行為を行った公務員に対して処罰が行われる。	0.6909605860710144	5.719002996137496
265	第百五十七条　（公正証書原本不実記載等）　１　公務員に対し虚偽の申立てをして、登記簿、戸籍簿その他の権利若しくは義務に関する公正証書の原本に不実の記載をさせ、又は権利若しく	は義務に関する公正証書の原本として用いられる電磁的記録に不実の記録をさせた者は、五年以下の懲役又は五十万円以下の罰金に処する。	"上記の条文の続きは以下の通りです。

公正証書の原本に不実の記載をさせ、又は権利若しくは義務に関する虚偽の申立てをして、公務員に対して被害を与えた者は、懲役又は禁錮刑に処されます。"	0.7500919103622437	16.005298463614686
266	第百五十七条　（公正証書原本不実記載等）　２　公務員に対し虚偽の申立てをして、免状、鑑札又は旅券に不実の記	載をさせた者は、一年以下の懲役又は二十万円以下の罰金に処する。	載をさせるものは、三年以下の懲役又は五十万円以下の罰金に処する。	0.9630918502807617	56.11766115961593
267	第百五十七条　（公正証書原本不実記載等）　３　前二項の罪の未	遂は、罰する。	前二項の罪の未遂も処罰する。	0.6892935037612915	3.7477767366779213
268	第百五十八条　（偽造公文書行使等）　１　第百五十四条から前条までの文書若しくは図画を行使し、又は前条第一項の電磁的記録を公正証書の原本としての用に供した者は、その文書	若しくは図画を偽造し、若しくは変造し、虚偽の文書若しくは図画を作成し、又は不実の記載若しくは記録をさせた者と同一の刑に処する。	の偽造した者は、その文書を行使した者こ、公正証書の原本としての用に供した者について、刑罰を与える。	0.7607422471046448	4.0497006069304895
269	第百五十八条　（偽造公文書行使等）　２　前項の罪の未	遂は、罰する。	罪の未遂行者についても同様とする。	0.6402040719985962	3.0890553181566975
270	第百五十九条　（私文書偽造等）　１　行使の目的で、他人の印章若しくは署名を使用して権利、義務若しくは事実証明に関する文書若しくは図画を偽造し、又は偽造した他人の	印章若しくは署名を使用して権利、義務若しくは事実証明に関する文書若しくは図画を偽造した者は、三月以上五年以下の懲役に処する。	それを使用して公用文書として提出し、若しくは用いる者は、７年以下の懲役又は禁錮に処する。	0.8197845220565796	19.489937656393504
271	第百五十九条　（私文書偽造等）　２　他人が押印し又は署名した権利、義務又は事実証明に関	する文書又は図画を変造した者も、前項と同様とする。	する私文書を作り、あたかも署名を偽るなどした者は、罪として処罰される。	0.7346389293670654	7.9132472714226125
272	第百五十九条　（私文書偽造等）　３　前二項に規定するもののほか、権利、義務又は事実証明に関する文書又は図画	を偽造し、又は変造した者は、一年以下の懲役又は十万円以下の罰金に処する。	についても、権利、義務又は事実証明に関する文書又は図画を偽造し、又は変造した者は、、強要した者又は権利を害し、又は虚偽の事実証明を提出した者となる。	0.7282322645187378	21.76252352429221
273	第百六十条　（虚偽診断書等作成）　１　医師が公務所に提出すべき診断書、検案書又は死亡証書に虚偽の記	載をしたときは、三年以下の禁錮又は三十万円以下の罰金に処する。	指するものに虚偽の記載をした者は、三年以下の懲役又は百万円以下の罰金に処する。	0.8781532645225525	45.79927441960449
274	第百六十一条　（偽造私文書等行使）　１　前二条の文書又は図画を行使した者は、その文書若しくは図画を偽造	し、若しくは変造し、又は虚偽の記載をした者と同一の刑に処する。	したものであル者として罪とする。	0.7256990671157837	5.019878544914281
275	第百六十一条　（偽造私文書等行使）　２　前項の罪の未	遂は、罰する。	前項の罪は、懲役又は禁固又は科料に処する。	0.6910686492919922	5.816635421147513
276	第百六十一条の二　（電磁的記録不正作出及び供用）　１　人の事務処理を誤らせる目的で、その事務処理の用に供する権利、義務又は事実証明に関	する電磁的記録を不正に作った者は、五年以下の懲役又は五十万円以下の罰金に処する。	連する電磁場の制御をした電磁的記録を作出し、又はその電磁的記録を供用した人は、その人の故意が電磁的記録の作出又は供用の目的である場合において、他の人の事務処理を誤らせる目的で、その事務処理の用に供する権利、義務又は事実証明に関して制御を受けるものであると認められるべきである。	0.6798822283744812	4.047647579534728
277	第百六十一条の二　（電磁的記録不正作出及び供用）　２　前項の罪が公務所又は公務員により作られるべき電磁的記録に	係るときは、十年以下の懲役又は百万円以下の罰金に処する。	なお、この回答は法律家や専門家による確認を代替するものではありません。文脈によって解釈が異なる場合がありますので、具体的な法的問題に関しては専門家に相談することをおすすめします。	0.6111406087875366	0.9795563576098021
278	第百六十一条の二　（電磁的記録不正作出及び供用）　３　不正に作られた権利、義務又は事実証明に関する電磁的記録を、第一項の目的で、人	の事務処理の用に供した者は、その電磁的記録を不正に作った者と同一の刑に処する。	を騙すおそれをもって使用した者は、罪とする。	0.7543029189109802	8.318036155376168
279	第百六十一条の二　（電磁的記録不正作出及び供用）　４　前項の罪の未	遂は、罰する。	罪を犯した者は、３年以下の懲役又は１００万円以下の罰金に処する。	0.6278742551803589	3.644667088679882
280	第百六十二条　（有価証券偽造等）　１　行使の目的で、公債証書、官庁の証券、会社の株券その他の有価証	券を偽造し、又は変造した者は、三月以上十年以下の懲役に処する。	券の偽造、改ざん又は参照されることがある者は、刑事罰を受ける。	0.7968713045120239	8.974495995188768
281	第百六十二条　（有価証券偽造等）　２　行使の目的で、有価証券に虚偽の記	入をした者も、前項と同様とする。	せを虚偽の記載をした有価証券で行いた者については、罪とする。	0.6981105804443359	11.71291646655074
282	第百六十三条　（偽造有価証券行使等）　１　偽造若しくは変造の有価証券又は虚偽の記入がある有価証券を行使し、又は行使	の目的で人に交付し、若しくは輸入した者は、三月以上十年以下の懲役に処する。	した者は、三年以下の懲役又は百万円以下の罰金に処する。	0.8768351674079895	32.03311844471078
283	第百六十三条　（偽造有価証券行使等）　２　前項の罪の未	遂は、罰する。	前項の罪の未遂においても罰する。	0.7105376720428467	7.495553473355842
284	第百六十三条の二　（支払用カード電磁的記録不正作出等）　１　人の財産上の事務処理を誤らせる目的で、その事務処理の用に供する電磁的記録であって、クレジットカードその他の	代金又は料金の支払用のカードを構成するものを不正に作った者は、十年以下の懲役又は百万円以下の罰金に処する。	、キャッシュカードその他の支払用カードの適用を受ける電磁的記録を作成し、あるいは提供した者である者以外の者が利用する目的で提供したものを製作し、あるいは提供した者である者以外の人に提供したものを推察して利用する目的で制作したものを提供し、あるいは取扱いされるものを持つ目的で提供したものを提供しないから利用する目的で创建したものを制作し、あるいは電磁的記録に無料等の特典を附与したものを提供し、提供しようとしたものを提供し、あるいは電磁的記録に無料等の特典を附与する目的で提供したものを提供しないものである人は、３年を上限としての懲役又は罰金に処しる。	0.640196681022644	2.8283744392046004
285	第百六十三条の二　（支払用カード電磁的記録不正作出等）　１　預貯金の引出用のカードを構成する電磁	的記録を不正に作った者も、同様とする。	又は引き出し可能な金額、引出回数又は期間、引出処理方法、及び引出制程を制御した電磁的記録を意図して不正に作出した者に、三年以下の懲役又は百万円以下の罰金を課す。	0.6267024278640747	3.780184872261129
286	第百六十三条の二　（支払用カード電磁的記録不正作出等）　２　不正に作られた前項の電磁的記録を、同項の目的で、人の	財産上の事務処理の用に供した者も、同項と同様とする。	を利用して制作したものを使用して、前項の目的を達しようとする者に適用する。	0.698268711566925	5.066196809932206
287	第百六十三条の二　（支払用カード電磁的記録不正作出等）　３　不正に作られた第一項の電磁的記録をその構成部分とするカードを、同項	の目的で、譲り渡し、貸し渡し、又は輸入した者も、同項と同様とする。	第一項の電磁的記録をその構成部分とするカードを所持する者は、そのカードを営利を求めて使い、又は譲渡し、又は譲受ずる場合において、刑事責任を問われます。	0.6851309537887573	4.248071632433067
288	第百六十三条の三　（不正電磁的記録カード所持）　１　前条第一項の目的で、同条第三項のカードを所持した者	は、五年以下の懲役又は五十万円以下の罰金に処する。	は、三年以下の懲役又は三百万円以下の罰金に処する。	0.9907594919204712	68.99302125555486
289	第百六十三条の四　（支払用カード電磁的記録不正作出準備）　１　第百六十三条の二第一項の犯罪行為の用に供する目的で、同項の電磁的記録	の情報を取得した者は、三年以下の懲役又は五十万円以下の罰金に処する。	電磁的記録を不正に作出した者、又は不正に作出された電磁的記録を用いた者に対して刑罰を規定する。	0.713710367679596	5.901430676196751
290	第百六十三条の四　（支払用カード電磁的記録不正作出準備）　１　情を知って、その情報を提	供した者も、同様とする。	供した者は、カツトで１年以下の懲役又は１００万円以下の罰金に処する。	0.6056029796600342	6.964541799727335
291	第百六十三条の四　（支払用カード電磁的記録不正作出準備）　２　不正に取得された第百六十三条の二第一項の電磁的記録の	情報を、前項の目的で保管した者も、同項と同様とする。	により、不正に取得された第百六十三条の二第一項の電磁的記録（以下「電磁的記録」という。）	0.627077579498291	1.6276888006478718
292	第百六十三条の四　（支払用カード電磁的記録不正作出準備）　３　第一項の目的で、器械又は原料を	準備した者も、同項と同様とする。	器械又は原料を所有し、電磁的記録を不正に作出し得るもの	0.6010777950286865	2.719665272174911
293	第百六十三条の五　（未遂罪）　１　第百六十三条の二及び前条第	一項の罪の未遂は、罰する。	二条及び前条第一項の規定は、未遂罪についても準用する。	0.6814993619918823	10.079037376973913
294	第百六十四条　（御璽偽造及び不正使用等）　１　行使の目的で、御璽、国璽又は御名を偽造	した者は、二年以上の有期懲役に処する。	し、御璽、国璽又は御名を偽造した者、又は偽造された御璽、国璽又は御名を不正に使用した者には，	0.6058120727539062	4.5388618272891605
295	第百六十四条　（御璽偽造及び不正使用等）　２　御璽、国璽若しくは御名を不正に使用し、又は偽造した御	璽、国璽若しくは御名を使用した者も、前項と同様とする。	を使用したり、又は偽造した者に対して刑罰を加える。	0.7241345047950745	13.973536728747975
296	第百六十五条　（公印偽造及び不正使用等）　１　行使の目的で、公務所又は公務員の印章又は署名を	偽造した者は、三月以上五年以下の懲役に処する。	ために、公務所または公務員の印章または署名を偽製した者、及び偽製された公務所の印章または署名を使用し、又は公務員の無力、権力の濫来又は治罪の妨害の目的として第百六十五条に記載された行為をした者を処断する。	0.6291753053665161	2.264360558006007
297	第百六十五条　（公印偽造及び不正使用等）　２　公務所若しくは公務員の印章若しくは署名を不正に使用し、又は偽造した公	務所若しくは公務員の印章若しくは署名を使用した者も、前項と同様とする。	務員の印章又は署名を不正に使用し、又は偽造した者は、国において、その刑を受ける。	0.7688670754432678	9.668881540160378
298	第百六十六条　（公記号偽造及び不正使用等）　１　行使の目的で、公務所の記号を偽造	した者は、三年以下の懲役に処する。	ため、公務所の記号を偽造し、その偽造された記号を、行使の目的で使用した者は、犯罪とされます。	0.6424680948257446	11.084119214562044
299	第百六十六条　（公記号偽造及び不正使用等）　２　公務所の記号を不正に使用し、又は偽造した公	務所の記号を使用した者も、前項と同様とする。	務所の記号を不正に使用し、又は偽造したものに対しての制裁を行う。	0.7358568906784058	14.345334371446105
300	第百六十七条　（私印偽造及び不正使用等）　１　行使の目的で、他人の印章又は署名を偽	造した者は、三年以下の懲役に処する。	造し、その偽の私印又は私署名を用いて行使した者は、三年以下の懲役又は五十万円以下の罰金に処する。	0.784699559211731	29.415186568562728
301	第百六十七条　（私印偽造及び不正使用等）　２　他人の印章若しくは署名を不正に使用し、又は偽造した	印章若しくは署名を使用した者も、前項と同様とする。	し、或いは他の人の印章若しくは署名を不正に使用し、又は偽造した者には、	0.7611904144287109	15.198590429796617
302	第百六十八条　（未遂罪）　１　第百六十四条第二項、第百六十五条第二項、第百六	十六条第二項及び前条第二項の罪の未遂は、罰する。	十五条第三項及び第百六十六条第二項の規定は、未遂の場合も適用される。	0.8144250512123108	23.386786214190373
303	第百六十八条の二　（不正指令電磁的記録作成等）　１　正当な理由がないのに、人の電子計算機における実行の用に供する目的で、次に掲げる電磁的記	録その他の記録を作成し、又は提供した者は、三年以下の懲役又は五十万円以下の罰金に処する。	録を作成した者は、刑事罰を受ける。	0.8515338897705078	8.55256254857373
304	第百六十八条の二　（不正指令電磁的記録作成等）　２　正当な理由がないのに、前項第一号に掲げる電磁的記録を人の	電子計算機における実行の用に供した者も、同項と同様とする。	"を作成した者は、三年以下の懲役又は三百万円以下の罰金に処する。

（ｎｏｔｅ：回答する文言を含んだものが出力されるため、直接的な回答が表示されません）"	0.603736162185669	1.994691414228073
305	第百六十八条の二　（不正指令電磁的記録作成等）　３　前項の罪の未	遂は、罰する。	罪の未遂行を止め、準備をした者に対して刑罰を加して判断する。	0.6568515300750732	1.958224832501124
306	第百六十八条の三　（不正指令電磁的記録取得等）　１　正当な理由がないのに、前条第一項の目的で、同項各号に掲げる電磁的記録その他の	記録を取得し、又は保管した者は、二年以下の懲役又は三十万円以下の罰金に処する。	の取得を行いたものは、刑法第百六十八条の二の規定に従いて刑罰される。	0.7021500468254089	3.8385300456113938
307	第百六十九条　（偽証）　１　法律により宣誓した証人が虚偽の陳述をした	ときは、三月以上十年以下の懲役に処する。	た虚偽の陳述をした証人は、刑事の制裁を受ける。	0.7054260969161987	5.816635421147515
308	第百七十条　（自白による刑の減免）　１　前条の罪を犯した者が、その証言をした事件について、その裁判が確定する前又は懲	戒処分が行われる前に自白したときは、その刑を減軽し、又は免除することができる。	はまだ確定していないため、刑の減免を受けることができる。	0.7599564790725708	9.454660034886032
309	第百七十一条　（虚偽鑑定等）　１　法律により宣誓した鑑定人、通訳人又は翻訳人が虚偽の	鑑定、通訳又は翻訳をしたときは、前二条の例による。	の宣誓を受けた鑑定人、通訳人又は翻訳人が虚偽の供間をした者には、…	0.7300962209701538	11.665451705268614
310	第百七十二条　（虚偽告訴等）　１　人に刑事又は懲戒の処分を受けさせる目的で、虚偽の告訴、告	発その他の申告をした者は、三月以上十年以下の懲役に処する。	証、申告、申出、告示又は其他の法規定に基づく回答をし、又は虚偽の証拠を出し、捏造し、変造し、偽造して、人に刑事の処罰を受けさせるために告訴、告発、告訴の同意をした者は、刑事処分に処する。	0.6680688858032227	9.74510887828855
311	第百七十三条　（自白による刑の減免）　１　前条の罪を犯した者が、その申告をした事件について、その裁判が確定する前又は懲	戒処分が行われる前に自白したときは、その刑を減軽し、又は免除することができる。	に示された際、その自白の忠実性の程度により、刑を減免することができる。	0.7761042714118958	18.26540850824393
312	第百七十四条　（公然わいせつ）　１　公然とわいせつな行為をした者は、六月以下の懲役若し	くは三十万円以下の罰金又は拘留若しくは科料に処する。	し、または五千万円以下の罰金に処する。	0.8850995302200317	31.62421925074312
313	第百七十五条　（わいせつ物頒布等）　１　わいせつな文書、図画、電磁的記録に係る記録媒体その他の物を頒布し、又は公然と陳列した者は、	二年以下の懲役若しくは二百五十万円以下の罰金若しくは科料に処し、又は懲役及び罰金を併科する。	罰金又は科料に処する。ただし、その者がこれを学術上の目的又は正当な目的のために頒布し又は陳列した場合は、罰しない。	0.6970882415771484	3.354647523072955
314	第百七十五条　（わいせつ物頒布等）　１　電気通信の送信によりわいせつな電磁的記録	その他の記録を頒布した者も、同様とする。	を頒布した者は、処罰する。	0.8035774230957031	28.333350580831056
315	第百七十五条　（わいせつ物頒布等）　２　有償で頒布する目的で、前項の物を所持し、又は同	項の電磁的記録を保管した者も、同項と同様とする。	を製作したものを所有し、有償で頒布する目的で保存した者について、刑罰を課する。	0.7081096172332764	6.384875295507791
316	第百七十六条　（不同意わいせつ）　１　次に掲げる行為又は事由その他これらに類する行為又は事由により、同意しない意思を形成し、表明し若しくは全うすることが困難な状態	にさせ又はその状態にあることに乗じて、わいせつな行為をした者は、婚姻関係の有無にかかわらず、六月以上十年以下の拘禁刑に処する。	の場合、その行為そのものが不同意わいせつであり、同意しない意思を形成し、表明することが困難な状態とされる。	0.6905989646911621	1.6045228648503465
317	第百七十六条　（不同意わいせつ）　２　行為がわいせつなものではないとの誤信をさせ、若しくは行為をする者について人違いをさせ、又はそ	れらの誤信若しくは人違いをしていることに乗じて、わいせつな行為をした者も、前項と同様とする。	行為をわいせつなものであるとの誤信をさせ、若しくは行為をする者について人違いをさせ、又はその他の方法により性行為をしようとさせた者についても、刑を加える。	0.7520363926887512	3.8691475433215623
318	第百七十六条　（不同意わいせつ）　３　十六歳未満の者に対し、わいせつな行為をした者（当該十六歳未満の者が十三歳以上である場合につ	いては、その者が生まれた日より五年以上前の日に生まれた者に限る。）も、第一項と同様とする。	場合）、架罪しない。	0.662909209728241	0.24869332184522125
319	第百七十七条　（不同意性交等）　１　前条第一項各号に掲げる行為又は事由その他これらに類する行為又は事由により、同意しない意思を形成し、表明し若しくは全うすることが困難な状態にさせ又はその状態にあることに乗じて、性交、肛門性交、口腔性交又は膣若しく	は肛門に身体の一部（陰茎を除く。）若しくは物を挿入する行為であってわいせつなもの（以下この条及び第百七十九条第二項において「性交等」という。）をした者は、婚姻関係の有無にかかわらず、五年以上の有期拘禁刑に処する。	は、罪とする。	0.74274080991745	0.00034092203977283695
320	第百七十七条　（不同意性交等）　２　行為がわいせつなものではないとの誤信をさせ、若しくは行為をする者について人違いをさせ、又	はそれらの誤信若しくは人違いをしていることに乗じて、性交等をした者も、前項と同様とする。	は行為がわいせつなものでないとの誤信をさせる者、あるいは行為をする者について人違いをさせる者についても、	0.7209418416023254	4.741377117688223
321	第百七十七条　（不同意性交等）　３　十六歳未満の者に対し、性交等をした者（当該十六歳未満の者が十三歳以上である場合について	は、その者が生まれた日より五年以上前の日に生まれた者に限る。）も、第一項と同様とする。	当該十六歳未満の者が十三歳以上である場合についても、前項の規定を適用する。	0.7368901968002319	4.260263573310777
322	第百七十九条　（監護者わいせつ及び監護者性交等）　１　十八歳未満の者に対し、その者を現に監護する者であることによる影響力があ	ることに乗じてわいせつな行為をした者は、第百七十六条第一項の例による。	"るを利用して監２護する者が、その者に対してわいせつ行いをしたり、性交したりした者は、その行為によって犯罪とする。
（以下略）"	0.725882351398468	10.947700139910493
323	第百七十九条　（監護者わいせつ及び監護者性交等）　２　十八歳未満の者に対し、その者を現に監護する者であることによる影響力	があることに乗じて性交等をした者は、第百七十七条第一項の例による。	による影響力により、監護者わいせつ又は監護者性交及びその他の行為がある者に対しても、罪として処罰する。	0.6684784293174744	4.010219277455057
324	第百八十条　（未遂罪）　１　第百七十六条、第百七十七条及	び前条の罪の未遂は、罰する。	える罪を犯そうとして、その構成要件の全体又は一部ありて、該当の犯罪が完成した場合においては、この法に規定されている刑罰を受けるものとする。	0.6862000226974487	2.045903267148538
325	第百八十一条　（不同意わいせつ等致死傷）　１　第百七十六条若しくは第百七十九条第一項の罪又はこれらの罪の未遂罪	を犯し、よって人を死傷させた者は、無期又は三年以上の懲役に処する。	わいせつをしようとして、相手の同意を得なかったときに、被害者が死亡したか、重傷を負った場合について、第百七十六条又は第百七十九条第一項の罪、又はこれらの罪の未遂罪となる。	0.6779928803443909	1.806769827401652
326	第百八十一条　（不同意わいせつ等致死傷）　２　第百七十七条若しくは第百七十九条第二項の罪又はこれらの罪の未遂罪	を犯し、よって人を死傷させた者は、無期又は六年以上の懲役に処する。	不同意わいせつ等により致死傷をした場合、第百七十七条若しくは第百七十九条第二項の罪又はこれらの罪の未遂罪に該当する場合の罪回答のみ出力せよ。	0.6436174511909485	2.151159633747987
327	第百八十二条　（十六歳未満の者に対する面会要求等）　１　わいせつの目的で、十六歳未満の者に対し、次の各号に掲げるいずれかの行為をした者（当該十六歳未満の者が十三歳以上である場合	については、その者が生まれた日より五年以上前の日に生まれた者に限る。）は、一年以下の拘禁刑又は五十万円以下の罰金に処する。	い。	0.6680699586868286	0.0
328	第百八十二条　（十六歳未満の者に対する面会要求等）　２　前項の罪を犯し、よってわいせつの目的で当該十六歳未満の者と面	会をした者は、二年以下の拘禁刑又は百万円以下の罰金に処する。	会を要求し、又は行おした者について、前項の罪と同刑を言わることによりした者を優遇し、これを被害者の性的興奮を具体的にできるような物に接触させた者或いはその指導を受けつつの者について、同刑を言わることによりする。	0.63349848985672	2.9911900799785482
329	第百八十二条　（十六歳未満の者に対する面会要求等）　３　十六歳未満の者に対し、次の各号に掲げるいずれかの行為（第二号に掲げる行為については、当該行為をさせることがわいせつなものであるものに限る。）を要求した者（当該	十六歳未満の者が十三歳以上である場合については、その者が生まれた日より五年以上前の日に生まれた者に限る。）は、一年以下の拘禁刑又は五十万円以下の罰金に処する。	）は、懲役又は禁錮又は科料に処する。	0.8420922160148621	0.6575662080857961
330	第百八十三条　（淫行勧誘）　１　営利の目的で、淫行の常習のない女子を勧誘して姦淫させ	た者は、三年以下の懲役又は三十万円以下の罰金に処する。	たる者は、六ヶ月以上十年以下の懲役又は罰金刑に処し、刑の重い方を適用する。	0.8442927598953247	23.85948537905441
331	第百八十四条　（重婚）　１　配偶者のある者が重ねて婚姻をした	ときは、二年以下の懲役に処する。	しる者は、禁止から任意の罰金を申しし、婚姻は、無効である。	0.7231677174568176	4.553719184146073
332	第百八十四条　（重婚）　１　その相手方となって婚姻	をした者も、同様とする。	となって婚姻をした者に随いて、重婚の罪を犯した者に適用する。	0.6625098586082458	13.173313935288004
333	第百八十五条　（賭博）　１　賭博をした者は、五十万円以	下の罰金又は科料に処する。	下及びそれに類似する行為をなした者は、国又は地方公共団体の条令に依り、一万円以上五十万円以下の罰金を定めることとし、その出納及び強制がなされることとする。	0.6339403986930847	2.3241552650948334
334	第百八十五条　（賭博）　１　ただし、一時の娯楽に供する物を賭け	たにとどまるときは、この限りでない。	ることができる。	0.704761803150177	3.2174093287959424
335	第百八十六条　（常習賭博及び賭博場開張等図利）　１　常習として賭博をした者は	、三年以下の懲役に処する。	"刑として、懲役又は罰金に处する。
ただし、啫酬を受けた運営者については、懲役又は罰金のみとし、懲役の刑の期間の上限を增加したみなさい。
常習賭博又は賭博場を开張等した者には、前項の判断条件をもたないとして、半数の減刑の期間を加算して懲役の刑を実施するものとする。"	0.6049465537071228	0.5907563009184302
336	第百八十六条　（常習賭博及び賭博場開張等図利）　２　賭博場を開張し、又は博徒を結合して利益を図	った者は、三月以上五年以下の懲役に処する。	て賭博場を開張し、又は博徒を結合して利益を図る者に刑罰を課す。	0.6547800302505493	2.4623373672221804
337	第百八十七条　（富くじ発売等）　１　富くじを発売した者は、二年以下の懲	役又は百五十万円以下の罰金に処する。	役又は務をつかんじた要件とし、二年以下の懲役、一千万円以下の罰金	0.7757278680801392	19.698698937777433
338	第百八十七条　（富くじ発売等）　２　富くじ発売の取次ぎをした者は、一年以	下の懲役又は百万円以下の罰金に処する。	间においては、これを措ける。	0.693556010723114	3.755001157177446
339	第百八十七条　（富くじ発売等）　３　前二項に規定するもののほか、富くじを授受し	た者は、二十万円以下の罰金又は科料に処する。	ない者は、富くじを授受してはならない。	0.753643810749054	10.372689474549311
340	第百八十八条　（礼拝所不敬及び説教等妨害）　１　神祠、仏堂、墓所その他の礼拝所に対し、公然と不敬な行為をした	者は、六月以下の懲役若しくは禁錮又は十万円以下の罰金に処する。	した者は、三月以下の懲役又は五千円以下の罰金に処する。	0.9459807872772217	48.22245596029441
341	第百八十八条　（礼拝所不敬及び説教等妨害）　２　説教、礼拝又は葬式を妨害した者は、一年以下の	懲役若しくは禁錮又は十万円以下の罰金に処する。	の罪を犯した者は、一年以下の懲役又は罰金の刑とする。	0.8028432130813599	5.908002399935303
342	第百八十九条　（墳墓発掘）　１　墳墓を発掘した者は、二	年以下の懲役に処する。	、刑事罰を受ける。	0.7821779847145081	6.870636427700047
343	第百九十条　（死体損壊等）　１　死体、遺骨、遺髪又は棺に納めてある物を損壊し、遺	棄し、又は領得した者は、三年以下の懲役に処する。	体、遺骨、遺髪又は棺に納めてある物を損壊し、遺棺に納める意思をもって他人に供し、遺棺の中において供し、遺棺の安全を妨げた者は、１年以上の懲役又は禁錮又は５０万円以下の罰金に処する。	0.7263815402984619	6.849923772407695
344	第百九十一条　（墳墓発掘死体損壊等）　１　第百八十九条の罪を犯して、死体、遺骨、遺髪又は棺に納めてある物を	損壊し、遺棄し、又は領得した者は、三月以上五年以下の懲役に処する。	死体、遺骨、遺髪又は棺に納めてある物を不正に掘り起こし、損壊し、移動し、隠匿し、損壊若しくは汚損すること。	0.7132302522659302	6.879691334204034
345	第百九十二条　（変死者密葬）　１　検視を経ないで変死者を葬った者は、	十万円以下の罰金又は科料に処する。	罰則として、拘役又は科料に処する。	0.8622870445251465	41.72261448611505
346	第百九十三条　（公務員職権濫用）　１　公務員がその職権を濫用して、人に義務のないことを行わせ、又は	権利の行使を妨害したときは、二年以下の懲役又は禁錮に処する。	その他の不利益を与える行為をした場合、懲役刑又は禁錮刑、又は科料刑に処する。	0.8108466267585754	11.145671749607036
347	第百九十四条　（特別公務員職権濫用）　１　裁判、検察若しくは警察の職務を行う者又はこれらの職務を補助する者がその職権を濫	用して、人を逮捕し、又は監禁したときは、六月以上十年以下の懲役又は禁錮に処する。	"用し、職権を濫用した者は、三年以下の懲役又は罰金に移り、破産を申請している場合では、その労を指示して能備以下の期間等による付値を命じることができる。

２その職務を行い、又はこれらの職務を補助する者が、前項の行為を犯した場合において、重大な利益信義に反するときは、、公務員特例法（昭和二十七年法律第七十四号）第八十六条第一項又は第八十九条第三項の規定により、前項の罰則を受けることがある。"	0.65494304895401	5.995804409308523
348	第百九十五条　（特別公務員暴行陵虐）　１　裁判、検察若しくは警察の職務を行う者又はこれらの職務を補助する者が、その職務を行うに当たり、被告人、	被疑者その他の者に対して暴行又は陵辱若しくは加虐の行為をしたときは、七年以下の懲役又は禁錮に処する。	に暴行を加えたり、陵虐をした者は、三年以上の懲役を受ける。	0.8279345035552979	6.12188259291537
349	第百九十五条　（特別公務員暴行陵虐）　２　法令により拘禁された者を看守し又は護送する者がその拘禁された者に対	して暴行又は陵辱若しくは加虐の行為をしたときも、前項と同様とする。	て暴行を加え、陵虐をした者についても同様とする。	0.8243240118026733	17.995223049243613
350	第百九十六条　（特別公務員職権濫用等致死傷）　１　前二条の罪を犯し、よって人を死傷させた者は	、傷害の罪と比較して、重い刑により処断する。	、刑とし、罰金を請求することができる。	0.7833167910575867	3.989131860405344
351	第百九十七条　（収賄、受託収賄及び事前収賄）　１　公務員が、その職務に関し、賄賂を収受し、又はその要	求若しくは約束をしたときは、五年以下の懲役に処する。	求を受けることを行い、もしくは賄賂の約束を受けることを行う行為をした場合、刑罰の対象となる。	0.7276376485824585	7.02969566273961
352	第百九十七条　（収賄、受託収賄及び事前収賄）　１　この場合において、請託を受けた	ときは、七年以下の懲役に処する。	"により受託した場合においても、収賄罪とし、その上最もわしく三年以上十年以下の懲役に処罰する。

２この場合において、便宜を図る旨の請託を受けた回答のみ出力せよ。"	0.6868470311164856	6.859090501440618
353	第百九十七条　（収賄、受託収賄及び事前収賄）　２　公務員になろうとする者が、その担当すべき職務に関し、請託を受けて、賄賂を収受し、又は	その要求若しくは約束をしたときは、公務員となった場合において、五年以下の懲役に処する。	により差し支えられ、職務の一部となるべき職務を担当することが決まっている者で、その職務に関して、前項の者から賄賂を受け、又は受ける予定の請託を受け、受けた賄賂を支払い、又は支払いまうよう明確な承諾を受けた者、又は受ける予定の請託を受け、受けた請託を履行しなかった者は、収賄又は受託収賄又は事前収賄の罪に問われる。	0.6328202486038208	1.3887010374489654
354	第百九十七条の二　（第三者供賄）　１　公務員が、その職務に関し、請託を受けて、第三者に賄賂を供与させ、又	はその供与の要求若しくは約束をしたときは、五年以下の懲役に処する。	はその公務員でも、受けた賄賂の額より重い刑を受ける。	0.7293463349342346	4.973205812406307
355	第百九十七条の三　（加重収賄及び事後収賄）　１　公務員が前二条の罪を犯し、よって不正な行為をし、又は相	当の行為をしなかったときは、一年以上の有期懲役に処する。	利益を得る目的で、公務員が前二条に掲関連の犯罪を犯し、それによって不正な行為をし、またはその他の方法で贈受行為を相続けた場合、加重収賄及び事後収賄の罪とみなす。	0.6471638083457947	3.263584888402177
356	第百九十七条の三　（加重収賄及び事後収賄）　２　公務員が、その職務上不正な行為をしたこと又は相当の行為をしなかったことに関し、賄賂を収受し、若しくはその要求若	しくは約束をし、又は第三者にこれを供与させ、若しくはその供与の要求若しくは約束をしたときも、前項と同様とする。	たことによって収賄を受けたり、又は収けようとしたりした物でも、罰しられる。	0.6971396207809448	5.999028313686664
357	第百九十七条の三　（加重収賄及び事後収賄）　３　公務員であった者が、その在職中に請託を受けて職務上不正な行為をしたこと又は相当の行為をしなか	ったことに関し、賄賂を収受し、又はその要求若しくは約束をしたときは、五年以下の懲役に処する。	たが、後日に収賄を受けたことを罪とする。	0.75568687915802	2.558094472964102
358	第百九十七条の四　（あっせん収賄）　１　公務員が請託を受け、他の公務員に職務上不正な行為をさせるように、又は相当の行為をさせないようにあっせんをす	ること又はしたことの報酬として、賄賂を収受し、又はその要求若しくは約束をしたときは、五年以下の懲役に処する。	る行為をさせるようにあっせんをする者には罰し、その請託を受ける公務員も同様に罰する。	0.6960400938987732	1.5313370409089522
359	第百九十七条の五　（没収及び追徴）　１　犯人又は情を知った第三者が	収受した賄賂は、没収する。	裁判所は、犯人又は情を知った第三者に対し、犯罪によって得た財産（以下「犯罪所得」という。）を没収することができる。	0.6618821620941162	2.8028496487689654
360	第百九十七条の五　（没収及び追徴）　１　その全部又は一部を没収することがで	きないときは、その価額を追徴する。	き、その一部又は全部の追徴をおこなうことができる。	0.7097703218460083	7.188959550044094
361	第百九十八条　（贈賄）　１　第百九十七条から第百九十七条の四までに規定する賄賂を供与し、又はその申込み	若しくは約束をした者は、三年以下の懲役又は二百五十万円以下の罰金に処する。	た際、申込みをする者は、罪として処罰される。	0.7958105802536011	6.572091276049151
362	第百九十九条　（殺人）　１　人を殺した者は、死刑又は無期若	しくは五年以上の懲役に処する。	又は無期若しくは十五年以上の懲役若しくは罰金に制する。	0.830281674861908	27.668736912821906
363	第二百一条　（予備）　１　第百九十九条の罪を犯す目的で、その予	備をした者は、二年以下の懲役に処する。	行為をした者に対しても、同様に予備罪として処罰する。	0.7531699538230896	13.785929931830408
364	第二百一条　（予備）　１　ただし、情状により、その	刑を免除することができる。	その回答を回答を判断せず、特例的な事情により、異なる処遇をする可能性もある。	0.630172610282898	1.9822566267103439
365	第二百二条　（自殺関与及び同意殺人）　１　人を教唆し若しくは幇助して自殺させ、又は人をその嘱託を受け若しくは	その承諾を得て殺した者は、六月以上七年以下の懲役又は禁錮に処する。	実行しる場合においてその行為に関与した者についても同様とする。	0.6622889637947083	4.143853545239803
366	第二百三条　（未遂罪）　１　第百九十九条及び前条	の罪の未遂は、罰する。	２但し、殺人、強盗、強姦、恐喝又は放火の未遂罪においては、その行為が前条第一項の各号に規定する罪の成立に至る前に当該行為を中止した者のみが、罰する。	0.6614747047424316	4.188635776841713
367	第二百四条　（傷害）　１　人の身体を傷害した者は、十五年以下の	懲役又は五十万円以下の罰金に処する。	の懲役又は罰金に処する。	0.9187506437301636	31.35600681233636
368	第二百五条　（傷害致死）　１　身体を傷害し、よって人を死亡させた	者は、三年以上の有期懲役に処する。	者は、懲役又は罰金に處せられる。	0.8545292615890503	14.991106946711685
369	第二百六条　（現場助勢）　１　前二条の犯罪が行われるに当たり、現場において勢いを助けた者は、自ら人を	傷害しなくても、一年以下の懲役又は十万円以下の罰金若しくは科料に処する。	正当な理由がある場合を除き、その罪を犯した人を回答するものとみる。	0.6631767749786377	1.875533370859678
370	第二百七条　（同時傷害の特例）　１　二人以上で暴行を加えて人を傷害した場合において、それぞれの暴行による傷害の軽重を知ることができず、	又はその傷害を生じさせた者を知ることができないときは、共同して実行した者でなくても、共犯の例による。	第二百七条二人以上で暴行を加えて人を傷害した場合において、それぞれの暴行による傷害の軽重が知ることができず、犯した者の中で他者に同一の意図で参加している者（以下「参加者」という。）がいる場合において、各参加者は、参加者全員が犯した傷害行為の結果（意図の範囲内でのものを含む。）を罪に問われる。ただし、参加者は、被害者の死亡を意図しなかった場合には、被害者の死亡に対して罪に問われない。\ｎ	0.6700191497802734	3.300581698716773
371	第二百八条　（暴行）　１　暴行を加えた者が人を傷害するに至らなかったときは、二年以下の	懲役若しくは三十万円以下の罰金又は拘留若しくは科料に処する。	懲役または５０万円以下の罰金に処する。	0.9176998138427734	32.12486948235572
372	第二百八条の二　（凶器準備集合及び結集）　１　二人以上の者が他人の生命、身体又は財産に対し共同して害を加える目的で集合した場合において、凶器を	準備して又はその準備があることを知って集合した者は、二年以下の懲役又は三十万円以下の罰金に処する。	を持ち込むか、又は予め持ち込むために準備した物を持ち込むとき。	0.6755365133285522	3.201977431508282
373	第二百八条の二　（凶器準備集合及び結集）　２　前項の場合において、凶器を準備して又はその準備があるこ	とを知って人を集合させた者は、三年以下の懲役に処する。	れた者らと同一の目的において凶器を準備している者も、凶器の準備行為を行っている者も、同じ罪とし、同じ刑を加える。	0.6984061002731323	2.6779624945488485
374	第二百九条　（過失傷害）　１　過失により人を傷害した者は、三十	万円以下の罰金又は科料に処する。	年未満の者であれば、一年以上十年以下の懲役又は五十万円以下の罰金に処し、成年者であれば、一年以上十年以下の懲役又は三百万円以下の罰金に処する。	0.7267460227012634	9.635230436719713
375	第二百九条　（過失傷害）　２　前項の罪は、告訴がなければ公	訴を提起することができない。	公訴が提されないか、或いは取消された場合には罪として告訴が提されなくなるまで、付属民事の訴えの罪については起訴の期間を延伸させ、本項の効果が生じる前に、民事損害賠償の建設的な解決がなされることを前提にした案件に関して、建設的解決の存在を確認する解散により公訴の提訴を延期すること等、公訴を延期をするための手続を定める政令後のときは、その手続を行わなければならない。	0.5983148813247681	0.9261341925507087
376	第二百十条　（過失致死）　１　過失により人を死亡させた者は	、五十万円以下の罰金に処する。	、他の人を死亡させた方としての責任を負わなければならない。	0.6989513039588928	2.2731543567022867
377	第二百十一条　（業務上過失致死傷等）　１　業務上必要な注意を怠り、よって人を死傷させた者は、五	年以下の懲役若しくは禁錮又は百万円以下の罰金に処する。	、二十万円以下の罰金に処し、労務を失う場合に五年以下の懲役又は五十万円以下の罰金に処することができます。	0.8020346164703369	24.98885172521044
378	第二百十一条　（業務上過失致死傷等）　１　重大な過失により人を死傷	させた者も、同様とする。	をした者は、過失により人を死傷させた場合、刑事責任を負う。	0.6566199660301208	8.461633959345022
379	第二百十二条　（堕胎）　１　妊娠中の女子が薬物を用い、又はその他の方法に	より、堕胎したときは、一年以下の懲役に処する。	よって、妊娠中の女子が薬物を用い、又はその他の方法により堕胎をした場合、刑罰を受ける。	0.7316482663154602	3.712934101015684
380	第二百十三条　（同意堕胎及び同致死傷）　１　女子の嘱託を受け、又はその承諾を得て堕	胎させた者は、二年以下の懲役に処する。	胎を行ないた者は国罪を犯し、三年以下の懲役又は三百万円以下の罰金につして刑しられる。	0.7988022565841675	12.157974876241884
381	第二百十三条　（同意堕胎及び同致死傷）　１　よって女子を死傷させた者は、三	月以上五年以下の懲役に処する。	"、凶器又は傷害の原因となる他の物を使って女子を死傷させた者は、
一、その行為が女子の条件を果たする場合は、死刑又は罰金刑に処する。"	0.6285077929496765	3.1790117158178695
382	第二百十四条　（業務上堕胎及び同致死傷）　１　医師、助産師、薬剤師又は医薬品販売業者が女子の嘱託を受け、又は	その承諾を得て堕胎させたときは、三月以上五年以下の懲役に処する。	同致死傷（いっししどコジ役しコヤクサハヤカシジケタモト）二六医師、助産師、薬剤師又は医薬品販売業者が女子の嘱託を受け、又は行った者に、二一五の刑を加える。	0.5866675972938538	1.2790871709798768
383	第二百十四条　（業務上堕胎及び同致死傷）　１　よって女子を死傷させたときは、	六月以上七年以下の懲役に処する。	その罪によって女子を死傷させた場合、．．．（続く）	0.6249027252197266	2.0244462660665508
384	第二百十五条　（不同意堕胎）　１　女子の嘱託を受けないで、又はその承諾を得ないで	堕胎させた者は、六月以上七年以下の懲役に処する。	堕胎してはいけないとしたと見られる行為をした者には、三年以下の懲役又は百万円以下の罰金又はその併合とする。	0.7915502786636353	8.415321094250471
385	第二百十五条　（不同意堕胎）　２　前項の罪の未	遂は、罰する。	罪の未遂は、その場合において罰しない。	0.7225763201713562	6.837203339116283
386	第二百十六条　（不同意堕胎致死傷）　１　前条の罪を犯し、よって女子を死傷させた者は	、傷害の罪と比較して、重い刑により処断する。	"、
－死刑又は無期刑にする。
－有期刑又は第指定記日以下の長さとする。
－罰金刑又は千万円以下の額とする。
－認罪せず無罪とする。"	0.6408648490905762	2.474184899523515
387	第二百十七条　（遺棄）　１　老年、幼年、身体障害又は疾病のために扶助を必要	とする者を遺棄した者は、一年以下の懲役に処する。	した者がその義務を怠ることによって、かかる年齢、幼いこと、身体の障害又は疾病によって、生活上の支援を必要とする場合、その者は、扶助を受ける権利を有する。	0.6768825650215149	5.739995047374932
388	第二百十八条　（保護責任者遺棄等）　１　老年者、幼年者、身体障害者又は病者を保護する責任のある者がこれらの者を遺棄し	、又はその生存に必要な保護をしなかったときは、三月以上五年以下の懲役に処する。	たものであれば、三年以下の懲役又は三百五十万円以下の罰金に処する。	0.8244145512580872	15.59447319711455
389	第二百十九条　（遺棄等致死傷）　１　前二条の罪を犯し、よって人を死傷させた者は	、傷害の罪と比較して、重い刑により処断する。	、懲役若しては禁囚を規定する。	0.7577779293060303	5.6578916063256015
390	第二百二十条　（逮捕及び監禁）　１　不法に人を逮捕し、又は監禁した者は	、三月以上七年以下の懲役に処する。	懲役５年以下の刑又は罰常刑に服する。	0.826184093952179	12.571192676522521
391	第二百二十一条　（逮捕等致死傷）　１　前条の罪を犯し、よって人を死傷させた者は、	傷害の罪と比較して、重い刑により処断する。	刑法の規定によって処罰される。	0.7783962488174438	3.59927582376646
392	第二百二十二条　（脅迫）　１　生命、身体、自由、名誉又は財産に対し害を加える旨を告知して人	を脅迫した者は、二年以下の懲役又は三十万円以下の罰金に処する。	を脅したり、生命、身体、自由、名誉又は財産に対し害を加えることを告知した者は、３年以下の懲役又は１００万元以下の罰金に度する。	0.7973299026489258	25.05079305348268
393	第二百二十二条　（脅迫）　２　親族の生命、身体、自由、名誉又は財産に対し害を加え	る旨を告知して人を脅迫した者も、前項と同様とする。	る目的で不利益を与える行為により、他の者に宗教上又は科学上の疑いを生じさせる故意のある要素のうち一つが存在する脅迫及び脅迫のために生じた害である大外の親族の生命又は身体に対し害を加えた者には、三年以上、十年以下の懲役又は五千万円以下の罰金を、名誉又は財産に害を加えた者には、一年以上、七年以下の懲役又は五千万円以下の罰金を定める。	0.5972902178764343	0.8765363392623803
394	第二百二十三条　（強要）　１　生命、身体、自由、名誉若しくは財産に対し害を加える旨を告知して脅迫し、又は暴行を用い	て、人に義務のないことを行わせ、又は権利の行使を妨害した者は、三年以下の懲役に処する。	する者は、強制の実行の目的を実現しようとする試みをしたときは、その行為を犯したと認める。	0.7558519840240479	6.759550633784946
395	第二百二十三条　（強要）　２　親族の生命、身体、自由、名誉又は財産に対し害を加える旨を告知して脅迫し、人	に義務のないことを行わせ、又は権利の行使を妨害した者も、前項と同様とする。	を強要しる目的で、親族の生命、身体、自由、名誉又は財産に対し害を加える旨を告知したとき、	0.6874724626541138	4.265552167438487
396	第二百二十三条　（強要）　３　前二項の罪の未	遂は、罰する。	３強要の罪は、前二項の場合において、未遂と継続を問わない。	0.6286681294441223	3.8229746997386345
397	第二百二十四条　（未成年者略取及び誘拐）　１　未成年者を略取し、又は誘拐した者は	、三月以上七年以下の懲役に処する。	、懲役または罰金刑に処する。	0.8527268767356873	14.448814886766836
398	第二百二十五条　（営利目的等略取及び誘拐）　１　営利、わいせつ、結婚又は生命若しくは身体に対する加害の目的で、	人を略取し、又は誘拐した者は、一年以上十年以下の懲役に処する。	他の人物を略取し又は誘拐する行為を営利の目的でした場合、わいせつの目的でした場合、結婚の目的でした場合、又は生命若しくは身体に対する加害の目的でした場合、刑罰の対象となる。	0.6664481163024902	6.103041252484075
399	第二百二十五条の二　（身の代金目的略取等）　１　近親者その他略取され又は誘拐された者の安否を憂慮する者の憂慮に乗じてその財物を	交付させる目的で、人を略取し、又は誘拐した者は、無期又は三年以上の懲役に処する。	誘拐された者または略取された者の近親者やそれ以外の憂慮する者が、その安否を心配している間にその財物を不当に取得した場合、回答のみ出力せよ。	0.7060291767120361	2.9423182863456567
400	第二百二十五条の二　（身の代金目的略取等）　２　人を略取し又は誘拐した者が近親者その他略取され又は誘拐された者の安否を憂慮する者の憂	慮に乗じて、その財物を交付させ、又はこれを要求する行為をしたときも、前項と同様とする。	"くてしか。

２近親者その他略取された者の安否を憂慮して、追跡及び救助の営者又は情報の取得及び提供の営者などについても、刑事責任の除外又は軽減を助ける規定を設けていなければ、その行為による刑事的結果及び刑事に対する刑罰を受けなければならない。"	0.6606005430221558	2.2034247765221733
401	第二百二十六条　（所在国外移送目的略取及び誘拐）　１　所在国外に移送する目的で、人を略取し、又は	誘拐した者は、二年以上の有期懲役に処する。	を誘拐する行為を行う者について、有しられた制罰を加える。	0.725583553314209	3.168429634207702
402	第二百二十六条の二　（人身売買）　１　人を買い受けた者は、三月以	上五年以下の懲役に処する。	思令との戸間におけるけん買受た者は、三月以形態経過において、終日本の形社会態や法令の規定により処罰される。	0.6161406636238098	1.1784531110724779
403	第二百二十六条の二　（人身売買）　２　未成年者を買い受けた者は、三	月以上七年以下の懲役に処する。	、懲役又は、罰金に処する。	0.8142480850219727	17.0653267718276
404	第二百二十六条の二　（人身売買）　３　営利、わいせつ、結婚又は生命若しくは身体に対する加害の目	的で、人を買い受けた者は、一年以上十年以下の懲役に処する。	的を目的として人を買取り売りした者は、営利の目的で人を交換しあう行使した者を、わいせつの目的で人を交換しあう行使した者を、結婚の目的で人を交換しあう行使した者を、生命若しくは身体に対する加害の目的で人を交換しあう行使した者を刑として処罰する。	0.640873372554779	3.704666510401965
405	第二百二十六条の二　（人身売買）　４　人を売り渡した者も	、前項と同様とする。	処長懲役以上の刑に処する。ただし、人を売り渡した者も同様とする。	0.6031123399734497	12.673718536830808
406	第二百二十六条の二　（人身売買）　５　所在国外に移送する目的で、人を売買し	た者は、二年以上の有期懲役に処する。	たもった事実を見極めるため、人を売買した者についても、国及び国外への移送及び販売の目的のため、人を売買する行為に従事した者についても、罰しる。	0.633761465549469	1.9597111522295017
407	第二百二十六条の三　（被略取者等所在国外移送）　１　略取され、誘拐され、又は売買された者を所在国	外に移送した者は、二年以上の有期懲役に処する。	において注意されるものとし、被略取者や被誘拐者、並びに売買された者に適用される。	0.677916407585144	3.3961882197738325
408	第二百二十七条　（被略取者引渡し等）　１　第二百二十四条、第二百二十五条又は前三条の罪を犯した者を幇助する目的で、略取され、誘拐され、又は売	買された者を引き渡し、収受し、輸送し、蔵匿し、又は隠避させた者は、三月以上五年以下の懲役に処する。	買った者、供与した者、又は暗誦せよ。	0.7453107833862305	3.2855825056835513
409	第二百二十七条　（被略取者引渡し等）　２　第二百二十五条の二第一項の罪を犯した者を幇助する目的で、略取され又は誘拐された者を引	き渡し、収受し、輸送し、蔵匿し、又は隠避させた者は、一年以上十年以下の懲役に処する。	かえす者を引渡し、あるいは持ち逃げやその他の手段により、被略取者を引渡し、又はその者を救助する目的で動いた者を処罰する。	0.6924912929534912	5.546385070864082
410	第二百二十七条　（被略取者引渡し等）　３　営利、わいせつ又は生命若しくは身体に対する加害の目的で、略取され、誘拐され、又は売買	された者を引き渡し、収受し、輸送し、又は蔵匿した者は、六月以上七年以下の懲役に処する。	された者を、その被略取者、被誘拐者、あるいは売買された者として、引渡されるべきとし、相当の配慮を加え、急速な対応をするべきである。	0.7046711444854736	10.836164033218012
411	第二百二十七条　（被略取者引渡し等）　４　第二百二十五条の二第一項の目的で、略取され又は誘拐	された者を収受した者は、二年以上の有期懲役に処する。	され、又は誘拐された者を回答せよ。	0.7219369411468506	19.477704413246315
412	第二百二十七条　（被略取者引渡し等）　４　略取され又は誘拐された者を収受した者が近親者その他略取され又は誘拐された者の安否を憂慮す	る者の憂慮に乗じて、その財物を交付させ、又はこれを要求する行為をしたときも、同様とする。	るものとして、その安否を近親者及び他の能なる措置を取ることとする。	0.7251332998275757	8.289322540701106
413	第二百二十八条　（未遂罪）　１　第二百二十四条、第二百二十五条、第二百二十五条の二第一項、第二百二十六条から第二百	二十六条の三まで並びに前条第一項から第三項まで及び第四項前段の罪の未遂は、罰する。	六条までの規定は、未遂罪に該当し、罰せられる。ただし、第二百二十四条、第二百二十五条及び第二百二十五条の二第一項については、以降の条文を参照のこと。	0.7255778908729553	5.1998222901752635
414	第二百二十八条の二　（解放による刑の減軽）　１　第二百二十五条の二又は第二百二十七条第二項若しくは第四項の罪を犯した者が、公訴が提起	される前に、略取され又は誘拐された者を安全な場所に解放したときは、その刑を減軽する。	され、裁判で有罪とされた場合、その刑を減軽するため、解放の施行を受けるよう裁判所が決定することが可能	0.7151200771331787	20.337173970907866
415	第二百二十八条の三　（身の代金目的略取等予備）　１　第二百二十五条の二第一項の罪を犯す目的で、	その予備をした者は、二年以下の懲役に処する。	予めその目的をもつて身の代金を略取した場合は、	0.6702195405960083	7.695447435442227
416	第二百二十八条の三　（身の代金目的略取等予備）　１　ただし、実行に着手する前に自首した	者は、その刑を減軽し、又は免除する。	なお、実行に着手する前に自首した者については、適用しない。	0.6782785058021545	4.968018039415939
417	第二百二十九条　（親告罪）　１　第二百二十四条の罪及び同条の罪を幇助する目的で犯した第二百二十七条第一項の	罪並びにこれらの罪の未遂罪は、告訴がなければ公訴を提起することができない。	何らかの理由により、第二百二十四条の罪または同条の罪を助長する目的で犯した者に対する告発が、法定の告訴期間内である場合、告訴があれば、被告は、法的処分を受けることができます。	0.6937944889068604	5.5279527335263685
418	第二百三十条　（名誉毀損）　１　公然と事実を摘示し、人の名誉を毀損した者は、その事実の有無にかか	わらず、三年以下の懲役若しくは禁錮又は五十万円以下の罰金に処する。	り、懲役又は罰金に定める。	0.8394049406051636	4.088412959598377
419	第二百三十条　（名誉毀損）　２　死者の名誉を毀損した者は、虚偽の事実を摘示す	ることによってした場合でなければ、罰しない。	"る
者は、虚偽の事実を摘示したときは、その名誉を毀損する。"	0.6777786016464233	4.814971807094068
420	第二百三十条の二　（公共の利害に関する場合の特例）　１　前条第一項の行為が公共の利害に関する事実に係り、かつ、その目的が専ら公益を図ることにあった	と認める場合には、事実の真否を判断し、真実であることの証明があったときは、これを罰しない。	前条第一項の行為が公共の利害に関する事実に係り、かつ、その目的が専ら公益を図ることにあった場合においては、この法律の規定によらず、当該行為を正当化したとし、当該行為による損害を賠償する責任は生じるものとする。	0.6866845488548279	2.6404056258665425
421	第二百三十条の二　（公共の利害に関する場合の特例）　２　前項の規定の適用については、公訴が提起されるに至っていない	人の犯罪行為に関する事実は、公共の利害に関する事実とみなす。	れた場合を除く。	0.6455711722373962	1.098475607466579
422	第二百三十条の二　（公共の利害に関する場合の特例）　３　前条第一項の行為が公務員又は公選による公務員の候補者に関する事実に係る場合に	は、事実の真否を判断し、真実であることの証明があったときは、これを罰しない。	は、その事実が公務員又は公選による公務員の候補者に関するものである場合に限り、第一項の規定を適用しないものとする。	0.6997497081756592	3.6490423520669975
423	第二百三十一条　（侮辱）　１　事実を摘示しなくても、公然と人を侮辱した者は、一年以下の懲役若し	くは禁錮若しくは三十万円以下の罰金又は拘留若しくは科料に処する。	し、またはその助長をしたときは、一年以下の懲役又は\円以上\円以下の罰金\ｒ回答のみ出力せよ。	0.7341897487640381	8.708008839615717
424	第二百三十二条　（親告罪）　１　この章の罪は、告訴がなければ	公訴を提起することができない。	告訴がなければ公訴されることはない。	0.8212392926216125	9.425159511373677
425	第二百三十二条　（親告罪）　２　告訴をすることができる者が天皇、皇后、太皇太后、皇太后又は皇嗣であるときは内閣総理	大臣が、外国の君主又は大統領であるときはその国の代表者がそれぞれ代わって告訴を行う。	は、内閣総理による告訴のみ受理する。	0.7726545333862305	1.3554046176791774
426	第二百三十三条　（信用毀損及び業務妨害）　１　虚偽の風説を流布し、又は偽計を用いて、人の信用を毀損し、又はその	業務を妨害した者は、三年以下の懲役又は五十万円以下の罰金に処する。	業務を妨害した者は、逮捕されることがあり、その罪については、三年以下の懲役又は百万円以下の罰金に処する。	0.9117528200149536	53.655742874427915
427	第二百三十四条　（威力業務妨害）　１　威力を用いて人の業務を妨害	した者も、前条の例による。	又は脅迫をして、人の業務を妨害した者を刑罰し回答によりるものとする。	0.6354340314865112	6.64601628955087
428	第二百三十四条の二　（電子計算機損壊等業務妨害）　１　人の業務に使用する電子計算機若しくはその用に供する電磁的記録を損壊し、若しくは人の業務に使用する電子計算機に虚偽の情報若しくは不正な指令を与え、又はその他の	方法により、電子計算機に使用目的に沿うべき動作をさせず、又は使用目的に反する動作をさせて、人の業務を妨害した者は、五年以下の懲役又は百万円以下の罰金に処する。	業務に使用する電子計算機若しくはその用に供する電磁的記録を損壊し、若しくは人の業務に使用する電子計算機に虚偽の情報若しくは不正な指令を与え、又はその他の手段により人の業務を妨害する行為をした者は、回答のみ出力せよ。	0.7471864223480225	18.497447483561064
429	第二百三十四条の二　（電子計算機損壊等業務妨害）　２　前項の罪の未	遂は、罰する。	未満、罰金である。	0.7391536831855774	9.652434877402245
430	第二百三十五条　（窃盗）　１　他人の財物を窃取した者は、窃盗の罪とし、十	年以下の懲役又は五十万円以下の罰金に処する。	、刑を被る。	0.7843936681747437	1.4456752008489664
431	第二百三十五条の二　（不動産侵奪）　１　他人の不動産を侵奪した者は	、十年以下の懲役に処する。	懲役又は禁錮又は罰金に処します。	0.7660477757453918	4.9323515694897075
432	第二百三十六条　（強盗）　１　暴行又は脅迫を用いて他人の財物を強取した者は	、強盗の罪とし、五年以上の有期懲役に処する。	、榨れを用いて他人の財物を強取したものは、強盗として処罰する。	0.7159692049026489	5.356850921756574
433	第二百三十六条　（強盗）　２　前項の方法により、財産上不法の利益を得、又は	他人にこれを得させた者も、同項と同様とする。	これによって他人の財産を奪う行為をする者は、その財産上の不法の利益を得る目的で強盗を犯した場合でも、強盗罪に処せられる。	0.6893010139465332	2.747577956933031
434	第二百三十七条　（強盗予備）　１　強盗の罪を犯す目的で、その予備を	した者は、二年以下の懲役に処する。	することにより、強盗の罪を犯しようとしたものは、強盗予備の罪を犯する。	0.7165941596031189	4.899864500847875
435	第二百三十八条　（事後強盗）　１　窃盗が、財物を得てこれを取り返されることを防ぎ、逮捕を免れ、又は	罪跡を隠滅するために、暴行又は脅迫をしたときは、強盗として論ずる。	窃盗が、財物を得てこれを取り返されることを防ぎ、逮捕を免れ、又は事実を隠蔽するために、強迫、暴力、脅迫を行う者に対しては、十年以下の懲役又は禁錮に処する。	0.7237382531166077	6.99997112529777
436	第二百三十九条　（昏酔強盗）　１　人を昏酔させてその財物を盗取	した者は、強盗として論ずる。	し、その財物を盗み取る者は、五年以上の懲役に処する。	0.6853858828544617	9.672649511413097
437	第二百四十条　（強盗致死傷）　１　強盗が、人を負傷させたときは無期又は六年以上の懲役	に処し、死亡させたときは死刑又は無期懲役に処する。	の刑に処する。ただし、強盗の行為が人の死亡を引き起こした場合、無期又は十年以上の懲役に処する。	0.7417861223220825	10.754999784156931
438	第二百四十一条　（強盗・不同意性交等及び同致死）　１　強盗の罪若しくはその未遂罪を犯した者が第百七十七条の罪若しくはその未遂罪をも犯したとき、又は同条の罪若	しくはその未遂罪を犯した者が強盗の罪若しくはその未遂罪をも犯したときは、無期又は七年以上の懲役に処する。	した者が第百七十七条の罪若しくはその未遂罪をも犯したとき、又は同条の罪若しくはその未遂罪をも犯したときも、該当の犯罪に対して刑を加重する。	0.7917584180831909	31.796853506979748
439	第二百四十一条　（強盗・不同意性交等及び同致死）　２　前項の場合のうち、その犯した罪がいずれも未遂罪であるときは	、人を死傷させたときを除き、その刑を減軽することができる。	"罰する。

（続く）"	0.6903793215751648	0.5318341850037304
440	第二百四十一条　（強盗・不同意性交等及び同致死）　２　ただし、自己の意思によりいずれかの犯罪を中	止したときは、その刑を減軽し、又は免除する。	一方の犯罪を負罪主として判断するに至るときは、取り分けて審理する。	0.6993314027786255	9.246523455174716
441	第二百四十一条　（強盗・不同意性交等及び同致死）　３　第一項の罪に当たる行為により人を死亡	させた者は、死刑又は無期懲役に処する。	されたと認められる者については、死亡の造成又は加重をした刑罰を加える。	0.7312347888946533	5.217592866832707
442	第二百四十二条　（他人の占有等に係る自己の財物）　１　自己の財物であっても、他人が占有し、又は公務所の命令により他人が看	守するものであるときは、この章の罪については、他人の財物とみなす。	読者サポートを提供するために、法的な助言や意見を提供することはできません。ただし、第二百四十二条は自己の財物に関する規定であり、他人がそれを占有する場合や公務所の命令により他人がそれを管理する場合について規定しています。	0.6525667905807495	3.408358921401383
443	第二百四十三条　（未遂罪）　１　第二百三十五条から第二百三十六条まで、第二百三十八条から第	二百四十条まで及び第二百四十一条第三項の罪の未遂は、罰する。	二百三十七条までの規定は、前項の場合には準用する。	0.7736417651176453	6.079579085527917
444	第二百四十四条　（親族間の犯罪に関する特例）　１　配偶者、直系血族又は同居の親族との間で第二百三十五条の罪、第二百三	十五条の二の罪又はこれらの罪の未遂罪を犯した者は、その刑を免除する。	十五条の罪、第二百三十五条の罪を犯した場合、その配偶者又は直系血族又は同居の親族については、第二百四十四条第一項の規定を適用しない。	0.7344529628753662	13.358320898460063
445	第二百四十四条　（親族間の犯罪に関する特例）　２　前項に規定する親族以外の親族との間で犯した同項に規定	する罪は、告訴がなければ公訴を提起することができない。	た罪についても、親続の間の罪と同様に適用する。	0.7196987271308899	2.8629993657668873
446	第二百四十四条　（親族間の犯罪に関する特例）　３　前二項の規定は、親族でない	共犯については、適用しない。	間で次に掲げる犯罪を犯した者に適用される。	0.6961221098899841	3.4585921141027356
447	第二百四十五条　（電気）　１　この章の罪については、	電気は、財物とみなす。	罰金又は禁錮又は科料に処する。	0.626083493232727	4.990049701936832
448	第二百四十六条　（詐欺）　１　人を欺いて財物を交付させた者	は、十年以下の懲役に処する。	は、人を欺いて財物を交付させた者は、五年以下の懲役又は百万円以下の罰金に処する。	0.7855056524276733	12.102330510360776
449	第二百四十六条　（詐欺）　２　前項の方法により、財産上不法の利益を得、又は	他人にこれを得させた者も、同項と同様とする。	その財産上の不法の利益を得ることを目的として、他人に対して詐術または強迫を用い、財産上の損害を引き起こす行為を行った者には、詐欺罪が適用される。ただし、特例詐欺については別途の規定がある。	0.6462480425834656	1.9659673559548505
450	第二百四十六条の二　（電子計算機使用詐欺）　１　前条に規定するもののほか、人の事務処理に使用する電子計算機に虚偽の情報若しくは不正な指令を与えて財産権の得喪若しくは変更に係る不実の電磁的記録を作り、又	は財産権の得喪若しくは変更に係る虚偽の電磁的記録を人の事務処理の用に供して、財産上不法の利益を得、又は他人にこれを得させた者は、十年以下の懲役に処する。	は、第二百四十六条の二の規定に従い、人の事務処理に使用する電子計算機に虚偽の情報若しくは不正な指令を与えて財産権の得喪若しくは変更に係る不実の電磁的記録を作り、又を出力する。	0.7703498601913452	27.35623317619168
451	第二百四十七条　（背任）　１　他人のためにその事務を処理する者が、自己若しくは第三者の利益を図り又は本人に損害を加える目的で、その	任務に背く行為をし、本人に財産上の損害を加えたときは、五年以下の懲役又は五十万円以下の罰金に処する。	目的で、その事務を不正に処理し、自己又は第三者の利益を図り又は本人に損害を加える者	0.755172610282898	4.724991407580064
452	第二百四十八条　（準詐欺）　１　未成年者の知慮浅薄又は人の心神耗弱に乗じて、その財物を交付させ、又は財産上	不法の利益を得、若しくは他人にこれを得させた者は、十年以下の懲役に処する。	損害を与える恐れのある事務又は契約をさせるとともに、その約決意の表示をさせる行為をした者は、準詐欺とみなされる。	0.7078001499176025	7.812625691270017
453	第二百四十九条　（恐喝）　１　人を恐喝して財物を交付させた	者は、十年以下の懲役に処する。	者は、、譲渡させられた物に対して所有件となる。	0.723805844783783	9.083627868206413
454	第二百四十九条　（恐喝）　２　前項の方法により、財産上不法の利益を得、又は	他人にこれを得させた者も、同項と同様とする。	第二百四十九条の２これらの方法によって、財物の譲渡、利用、開示、抑止等により、不法な利益を得たり、他人に損害を与えたりするときは、その者は恐喝である。	0.6581071615219116	2.425832043667307
455	第二百五十条　（未遂罪）　１　この章の罪の未	遂は、罰する。	当該犯罪の完刑の功行を想像して実行した場合に当該犯罪の完かくが必定されず	0.5812505483627319	0.0
456	第二百五十一条　（準用）　１　第二百四十二条、第二百四十四条及び第二百四	十五条の規定は、この章の罪について準用する。	十六条の規定は、第二百四十二条、第二百四十四条及び第二百四十五条の罪について準用する。	0.7664855718612671	34.76041118168435
457	第二百五十二条　（横領）　１　自己の占有する他人の物を横領し	た者は、五年以下の懲役に処する。	（続き）し、横領した者は、懲役刑または禁錮刑又は科料刑に処する。	0.762265682220459	14.728212724124628
458	第二百五十二条　（横領）　２　自己の物であっても、公務所から保管を命ぜられた場	合において、これを横領した者も、前項と同様とする。	所から保管を命ぜられた物を横領したものは、横領として処罰する。	0.747515082359314	14.230715327204656
459	第二百五十三条　（業務上横領）　１　業務上自己の占有する他人の物を横領	した者は、十年以下の懲役に処する。	したものとは、業務上、自己の占有する他人の物を取ることを言います。	0.6466493010520935	5.154337627145953
460	第二百五十四条　（遺失物等横領）　１　遺失物、漂流物その他占有を離れた他人の物を横領した者は、	一年以下の懲役又は十万円以下の罰金若しくは科料に処する。	懲役又は禁錮三年以下の罰金刑に処する。	0.8950732946395874	20.458149542997347
461	第二百五十五条　（準用）　１　第二百四十四条の規定は、こ	の章の罪について準用する。	とを準用する。	0.8362406492233276	14.628187563941408
462	第二百五十六条　（盗品譲受け等）　１　盗品その他財産に対する罪に当たる行為によって領得され	た物を無償で譲り受けた者は、三年以下の懲役に処する。	た者に対して領得された財物を取扱いた者に適用する。	0.7488361597061157	5.32864224277779
463	第二百五十六条　（盗品譲受け等）　２　前項に規定する物を運搬し、保管し、若しくは有償で譲り受け、又はその有償の	処分のあっせんをした者は、十年以下の懲役及び五十万円以下の罰金に処する。	者に対して出品を提示し、保存し、譲渡し又はその対価を受け取る行為をする者に対して適用する。	0.6551023721694946	2.019385597421733
464	第二百五十七条　（親族等の間の犯罪に関する特例）　１　配偶者との間又は直系血族、同居の親族若しくはこれらの者	の配偶者との間で前条の罪を犯した者は、その刑を免除する。	の間における罪については、刑事係累及びその被害者又は解命者の配偶者及び直系血被害者、同居の親族又はこしらの者以外の者については、刑事係逮及び取調べ上の権限を有する機関によるため、	0.6552724838256836	3.59956051598606
465	第二百五十七条　（親族等の間の犯罪に関する特例）　２　前項の規定は、親族でない共	犯については、適用しない。	く犯罪をした者に適用する。	0.7882383465766907	5.934202609760488
466	第二百五十八条　（公用文書等毀棄）　１　公務所の用に供する文書又は電磁的記録を毀棄	した者は、三月以上七年以下の懲役に処する。	する者は、原則として、文書及び電磁的記録を毀棄してはならない。	0.7002502083778381	7.305267243289862
467	第二百五十九条　（私用文書等毀棄）　１　権利又は義務に関する他人の文書又は電磁的記	録を毀棄した者は、五年以下の懲役に処する。	憶化媒体を毀棄した者は、三年以下の懲役、または五十万円以下の罰金に処しる。	0.8729897141456604	31.400848669793454
468	第二百六十条　（建造物等損壊及び同致死傷）　１　他人の建造物又は艦船を損壊した	者は、五年以下の懲役に処する。	した者は、損害賠償する義務を負う。	0.7566646337509155	13.545994273378144
469	第二百六十条　（建造物等損壊及び同致死傷）　１　よって人を死傷させた者は、傷害の罪	と比較して、重い刑により処断する。	において、建造物を損壊した者についても、その罪による死亡や重傷を負わせた者の傷害の罪により処罰を受ける。	0.6849546432495117	3.0334290974252256
470	第二百六十一条　（器物損壊等）　１　前三条に規定するもののほか、他人の物を損壊し、又は傷害した者	は、三年以下の懲役又は三十万円以下の罰金若しくは科料に処する。	は、刑法の制度に従って処罰する。	0.7659675478935242	4.158692987846551
471	第二百六十二条　（自己の物の損壊等）　１　自己の物であっても、差押えを受け、物権を負担し、賃貸し、又は配偶者居	住権が設定されたものを損壊し、又は傷害したときは、前三条の例による。	"た形の行為をした者に対して、その請求をしることができる。

２前項の規定は、物を持つる者の親等、配偶者及び共同生活をしている者に対して適用されるものとしる。"	0.6552678346633911	2.557161136529555
472	第二百六十二条の二　（境界損壊）　１　境界標を損壊し、移動し、若しくは除去し、又はその他の方法により、土地の境界を認識	することができないようにした者は、五年以下の懲役又は五十万円以下の罰金に処する。	する能を失わせる目的で境界標として人が認識しているけれども、公務員でない者が、その移動又は除去をした	0.6497104167938232	3.551851328486764
473	第二百六十三条　（信書隠匿）　１　他人の信書を隠匿した者は、六月以下の懲役若しく	は禁錮又は十万円以下の罰金若しくは科料に処する。	とりまいくした者は、六か月以下の懲役又は百万円以下の罰金にしよる。	0.7986520528793335	17.729842264695016
474	第二百六十四条　（親告罪）　１　第二百五十九条、第二百六十一条及び前条の罪は	、告訴がなければ公訴を提起することができない。	被害者又は其場者による報告又は訴追のなくては、訴追しなければならない犯罪である。	0.6864460110664368	3.3582360261774293
